Neighborhood,OverallQual,GrLivArea,TotalBsmtSF,GarageArea,YearBuilt,LotArea,OverallCond,FullBath,BedroomAbvGr,KitchenQual,ExterQual,IsRemodeled,HouseAge,SalePrice
CollgCr,6,2138,1198,505,1922,6002,7,1,3,3,2,1,87,179479
MeadowV,7,998,1130,638,1996,11374,8,2,4,3,3,1,13,103106
NPkVill,5,1196,619,985,1949,11476,5,1,3,3,3,0,60,92469
SawyerW,7,1655,977,650,1984,3512,5,2,2,3,4,1,22,242936
StoneBr,10,1852,99,722,2003,10089,7,1,3,4,4,1,7,408811
StoneBr,4,1289,1135,364,1924,7808,7,1,2,3,3,0,83,149672
NoRidge,10,1142,1685,252,1913,8631,5,2,3,3,4,0,97,250786
Edwards,6,2316,408,486,1887,5961,5,2,3,3,4,1,119,100962
SawyerW,9,2587,799,496,1885,7856,6,2,3,3,3,1,124,187407
NAmes,8,1983,1201,241,1881,14402,9,2,3,3,3,0,129,167387
NoRidge,7,1450,1608,435,1914,8570,5,2,3,4,4,0,93,385847
MeadowV,8,1061,859,558,1962,7933,9,2,1,3,2,0,47,96475
OldTown,9,1052,752,550,1891,6376,5,2,4,2,3,1,116,123496
Veenker,6,1690,190,581,1966,13713,5,1,4,4,3,1,42,228634
Timber,6,1630,1102,535,1916,4271,5,1,3,4,4,0,91,206627
Timber,7,2299,1955,363,1898,5426,7,3,2,3,4,0,111,317959
ClearCr,8,1768,1179,362,1914,4150,5,1,3,3,3,1,94,184698
NWAmes,8,832,1047,215,1946,8958,5,1,3,4,2,0,63,142470
Blmngtn,8,2034,1198,856,1878,14616,8,2,3,4,2,1,131,167641
ClearCr,7,992,1052,475,1893,6874,9,2,3,5,4,0,115,169478
Mitchel,8,1231,699,424,1884,4747,5,2,2,3,3,0,123,134001
StoneBr,5,1536,1419,273,1882,18365,5,1,4,4,4,0,124,263672
ClearCr,7,2831,1156,1104,1960,10154,7,3,3,4,3,1,46,458148
CollgCr,1,4181,1064,242,1970,9309,7,2,2,4,4,1,36,293737
Blmngtn,6,1741,627,380,1940,7368,5,2,2,3,4,1,66,199960
Sawyer,6,1320,1630,562,1991,11322,8,1,3,3,4,1,19,151515
Timber,6,1697,1349,602,1945,9236,4,1,3,3,3,0,61,139423
NWAmes,8,1921,813,678,1985,6370,7,1,3,2,4,0,23,294955
SawyerW,6,1258,1497,861,1930,6926,5,1,5,4,3,0,76,240260
NoRidge,7,2639,838,581,1995,4866,6,1,2,3,4,1,14,445727
SawyerW,6,1526,712,245,1870,4572,5,1,5,1,3,0,136,85586
Timber,6,1676,722,417,1937,6986,7,2,3,4,4,1,70,296557
NridgHt,6,1777,277,539,1957,14430,9,2,3,4,3,1,51,321717
Landmrk,4,1631,1264,917,1890,4831,5,2,4,3,4,0,118,66891
MeadowV,7,1888,251,172,2004,12310,6,1,3,3,4,1,6,130287
Sawyer,7,1134,516,731,1872,5434,5,2,3,3,3,1,137,103631
ClearCr,7,1158,143,511,1920,3316,8,1,4,3,4,1,88,91884
NridgHt,7,958,1019,653,1948,10649,9,2,3,4,3,1,59,183551
NAmes,6,1642,990,451,1964,18295,7,2,3,3,5,1,42,223546
Blmngtn,9,1849,913,291,1992,5282,6,2,4,4,4,0,16,253851
StoneBr,7,1652,598,634,1875,3696,9,2,3,3,5,1,132,178917
Gilbert,7,2530,541,613,1886,10172,5,2,3,5,3,0,120,162421
NoRidge,3,1405,1261,681,1986,5107,5,2,4,4,3,0,24,201264
BrkSide,6,1779,814,470,1929,10596,6,2,3,5,4,1,79,142399
Somerst,6,960,1196,344,1994,14410,5,2,2,3,5,1,14,226699
NAmes,6,1229,667,137,1950,9559,7,2,4,4,2,0,57,154582
Crawfor,7,1796,1136,649,1954,12147,7,2,2,4,1,0,55,181587
NWAmes,7,1895,1630,564,1920,12189,5,2,3,4,3,1,90,182167
NWAmes,7,1270,1314,265,2008,13292,5,2,4,3,4,1,1,217851
Timber,8,1373,875,357,1940,8288,5,1,3,2,4,0,68,251033
MeadowV,8,827,1170,372,1908,11962,6,2,2,3,3,1,101,92736
Sawyer,8,1242,951,154,1938,8797,5,2,2,3,1,0,68,153436
BrkSide,10,1922,1060,297,1917,9854,5,2,3,4,4,1,93,242157
Edwards,2,1722,913,229,1994,37266,7,1,4,4,3,1,15,88803
SawyerW,6,1677,984,384,1926,9143,8,1,3,4,4,1,80,235126
BrkSide,1,1432,1150,314,1890,3831,8,2,2,3,3,1,117,106200
NridgHt,7,1411,619,123,1951,7341,9,3,3,3,4,0,58,171691
Timber,9,1117,610,907,1968,6937,7,1,3,3,4,1,42,255804
NoRidge,6,1798,446,742,1884,7098,5,2,3,4,4,0,122,267219
Crawfor,9,1631,352,305,1938,13052,8,2,3,4,3,0,71,145029
CollgCr,4,1672,521,531,1945,14261,5,1,3,3,4,0,62,155158
Somerst,9,1171,1127,562,1931,7686,7,2,4,4,3,0,78,206848
OldTown,6,662,664,729,1988,4040,6,1,3,4,4,0,18,86297
CollgCr,5,2067,1282,296,1906,8514,7,2,3,4,3,0,103,160298
ClearCr,7,1190,1072,707,2003,6175,5,2,4,3,4,1,7,300054
NWAmes,6,1041,190,355,1895,9002,4,2,3,4,3,1,113,144057
StoneBr,6,1794,1345,185,1877,7627,6,2,3,3,3,0,129,158881
Sawyer,6,1227,1413,628,1873,14886,5,2,4,3,3,1,133,60779
NridgHt,8,2040,619,750,1890,9296,9,2,3,4,5,0,116,377105
BrDale,7,1747,1241,1029,1894,6185,6,2,2,4,5,0,112,186021
Sawyer,6,1788,680,215,1912,4053,6,2,3,3,3,0,97,144118
Timber,7,872,1099,623,1906,7910,8,2,4,3,3,0,104,144367
NoRidge,8,2152,500,384,1911,7925,7,1,3,4,3,0,96,221340
OldTown,6,1542,268,641,1961,7106,5,2,2,3,3,1,49,141132
NAmes,6,1237,888,156,1930,11940,5,2,3,4,4,0,76,158289
NPkVill,5,1480,1002,201,1937,4058,6,1,3,4,3,0,72,111287
Sawyer,6,756,882,306,1922,5534,8,3,4,4,4,0,87,100503
NridgHt,8,1624,536,489,1953,8320,7,2,2,4,4,1,53,267638
CollgCr,6,982,881,335,1903,6125,9,2,3,4,4,0,106,151176
NridgHt,7,877,1175,614,1945,6779,4,2,1,4,4,1,61,147423
Edwards,8,826,1037,693,1966,7862,5,2,3,4,3,0,44,134064
Mitchel,5,2078,1137,601,1899,11418,4,2,5,3,3,0,109,139247
Crawfor,7,1129,762,821,1957,7705,7,2,2,3,4,0,52,263159
NridgHt,6,2408,1572,562,1876,3026,5,2,3,5,3,1,130,314268
Crawfor,10,1167,539,211,1905,5994,4,2,3,3,1,1,101,167906
Crawfor,7,774,1271,766,1907,10382,6,2,3,4,4,0,102,114219
NPkVill,8,952,1577,342,1921,11864,5,2,3,4,4,0,86,127070
Mitchel,7,2170,1268,668,2009,12196,7,1,3,4,3,0,-3,276044
Edwards,4,1333,967,811,1962,14052,5,1,4,3,4,0,47,113582
Gilbert,7,1162,824,571,1976,8597,5,2,3,3,3,0,30,158979
NridgHt,10,1489,1512,151,1995,9242,5,1,3,3,5,1,12,382883
NAmes,7,1678,430,275,1918,4880,8,2,3,3,3,1,90,90825
Blueste,8,2082,630,757,1890,2731,5,2,4,5,4,0,117,147816
SawyerW,9,2337,882,436,1884,3988,5,1,3,4,4,1,126,234588
Sawyer,6,1241,1601,490,1883,5704,5,1,2,4,3,1,126,106501
Gilbert,6,885,1224,636,1911,4105,5,2,3,4,4,0,96,219561
NWAmes,7,1218,631,622,1884,6999,8,2,3,3,5,0,124,133736
CollgCr,6,1542,920,532,1932,6431,5,2,4,3,4,1,74,117484
NoRidge,8,1004,786,428,1896,12950,8,3,2,3,3,1,113,218010
NridgHt,9,1007,744,405,1962,4991,5,1,4,4,4,0,45,203598
NoRidge,6,1588,1487,657,1974,8693,8,1,4,4,4,1,34,359840
Mitchel,6,1384,453,592,1922,6568,7,2,3,4,3,0,85,116737
Crawfor,8,1424,1764,417,1921,4898,7,2,4,4,4,1,89,183063
Gilbert,6,1079,1421,705,1932,5631,7,1,2,5,3,0,77,197874
BrkSide,8,1299,1536,445,1926,2905,5,3,2,3,3,1,80,91007
Somerst,7,1018,853,289,1989,11780,6,2,4,4,3,0,19,167059
CollgCr,7,1922,991,309,1921,16336,5,1,3,3,5,0,86,169201
SWISU,5,2023,426,262,1976,7088,5,1,2,4,4,0,33,209824
Somerst,7,737,826,414,1912,8221,7,2,3,3,3,0,95,116723
NridgHt,7,1017,1274,738,2004,6988,5,1,4,4,4,1,5,244238
ClearCr,7,833,1627,299,1986,5377,8,1,3,3,3,0,24,175284
Timber,5,1121,569,513,1873,11527,5,2,3,2,4,0,134,105360
BrkSide,8,1367,896,331,2002,9504,6,2,3,4,3,0,8,129692
Sawyer,9,847,990,417,1949,1889,8,2,4,3,4,1,59,149185
Mitchel,6,1019,442,148,1910,4830,7,1,2,3,4,0,100,51813
Edwards,5,990,1317,425,2001,2902,7,2,2,4,4,0,8,105433
Sawyer,3,1514,738,431,1871,17636,7,2,3,4,2,1,137,79779
Timber,7,1442,971,589,1912,7435,8,1,3,4,3,0,95,284135
Edwards,7,1093,858,521,1951,9139,5,1,3,4,3,1,56,137492
NWAmes,7,1498,709,215,1977,6790,7,2,3,3,5,0,32,175434
Sawyer,6,1162,1053,706,2006,14063,5,2,2,3,3,1,0,151318
Edwards,6,1280,962,518,1895,12460,2,2,1,4,4,0,111,113531
Crawfor,7,2529,893,515,1951,7275,5,1,3,3,3,1,56,256318
NridgHt,7,2251,736,471,1952,19129,5,2,3,4,3,0,57,324668
Somerst,10,893,1197,361,2000,8889,6,2,3,3,3,0,6,330880
CollgCr,5,1882,1784,519,1942,3904,8,2,3,4,4,0,68,187207
OldTown,8,1870,1118,575,1969,8518,7,2,3,5,4,1,38,209461
Edwards,6,942,1495,97,1918,10495,6,1,3,4,5,1,92,99664
NoRidge,7,1875,445,357,1932,7580,4,2,3,4,4,0,77,330294
NWAmes,8,2412,1126,418,1924,6596,5,1,2,4,3,0,86,183558
CollgCr,8,950,574,528,1903,19578,5,1,2,4,4,1,103,130444
Somerst,10,1021,407,729,1974,4478,7,2,3,4,3,1,32,149916
NridgHt,5,2010,731,307,1974,2034,4,3,5,3,4,1,34,352625
Crawfor,5,1548,1581,365,1938,18206,6,1,3,4,3,1,69,131430
Landmrk,8,1707,1475,362,1884,4389,8,2,4,3,4,0,125,136151
Crawfor,7,1586,1163,300,1872,7021,7,1,3,2,3,0,135,209307
NWAmes,6,1614,382,398,1872,6709,7,2,3,4,3,0,138,184656
NAmes,4,885,970,638,1971,15001,7,2,4,3,2,1,38,106834
CollgCr,5,2031,1189,246,1873,16604,5,1,2,4,3,0,136,140446
BrDale,9,2120,1134,564,1957,4246,5,1,2,4,3,0,49,158515
MeadowV,6,1299,245,107,1914,15969,7,2,5,5,4,0,96,96366
Somerst,6,1386,665,352,1914,15822,7,1,3,4,4,0,92,161063
Gilbert,6,823,1028,402,1944,8181,6,1,2,4,3,0,62,121404
ClearCr,6,1685,1292,833,1878,12916,5,2,2,3,3,0,130,211600
ClearCr,4,1720,90,413,1987,13580,7,1,4,4,3,1,19,156972
NoRidge,7,1377,985,0,1934,7142,3,2,4,3,4,0,73,151034
SawyerW,4,2087,1119,43,2000,7489,5,1,3,3,3,0,9,133821
Gilbert,8,1252,1430,480,1895,10879,5,2,2,4,4,1,111,206607
NoRidge,6,1715,1361,604,1895,3589,5,2,4,3,3,1,112,264675
Somerst,7,985,1313,553,1892,6789,5,1,3,3,3,1,118,147553
BrkSide,9,1396,705,509,1899,4446,5,2,3,4,3,0,110,79794
Somerst,7,1324,217,722,1879,16511,7,1,3,3,3,1,131,165107
StoneBr,7,1523,884,356,1941,6749,6,2,3,3,3,0,66,186524
Gilbert,6,1237,1497,665,1933,9303,6,2,3,2,3,0,77,164415
BrDale,6,1344,1670,122,1992,7264,5,2,4,4,3,1,18,98813
Somerst,7,1880,1369,278,1974,7032,9,1,4,4,4,1,36,203912
NAmes,10,1208,1245,84,1943,9004,3,1,3,4,3,0,63,186109
Blueste,7,802,1224,413,1974,5623,5,2,3,3,3,1,32,127822
Somerst,7,2597,812,463,1916,7337,7,2,3,4,3,1,90,243292
NPkVill,8,2283,999,497,1956,7310,5,1,3,4,4,1,53,333706
CollgCr,7,895,1791,486,1922,6557,7,0,3,3,4,0,85,226853
Mitchel,4,1792,642,273,1998,9852,6,1,3,4,4,0,8,161955
Mitchel,7,1180,1767,432,1871,6480,9,2,2,4,3,0,139,94731
NWAmes,10,1544,915,151,1927,18134,8,1,2,4,3,0,83,239451
NridgHt,5,1560,1640,766,1941,11097,8,2,3,4,2,0,69,193110
OldTown,8,1297,438,407,2009,4127,5,1,3,3,3,1,1,165207
Crawfor,6,1070,1314,367,1896,10672,8,2,3,4,4,1,112,136680
Timber,7,1105,732,814,1898,5740,5,1,3,4,4,0,111,177761
NoRidge,5,1021,434,205,1884,8671,7,2,3,4,4,0,123,201219
SawyerW,7,1052,1153,230,1998,5621,7,1,3,4,3,0,9,138952
NAmes,8,1375,1501,237,1929,2704,5,1,3,4,3,1,77,138298
NoRidge,6,1096,685,458,1976,8015,7,2,2,4,3,0,32,282885
NWAmes,7,1787,397,565,1872,3955,4,1,3,4,3,1,135,209720
Somerst,8,2369,1016,632,1984,9995,5,1,3,4,5,1,25,569589
Mitchel,9,1149,1018,1025,1921,8843,8,2,2,2,3,0,89,107807
Timber,6,1531,1298,0,1929,5991,5,2,5,4,5,0,77,125530
NAmes,6,1677,1474,603,1903,20186,4,1,3,4,3,0,106,120414
CollgCr,5,1661,1030,353,1965,4360,5,2,3,3,3,1,42,219256
BrkSide,10,1446,1873,346,1958,5930,8,2,3,3,3,1,50,166442
StoneBr,9,1826,1155,339,1929,4626,4,1,2,3,4,1,77,364312
Crawfor,7,1667,904,277,1888,22486,5,3,2,2,3,1,119,139895
NridgHt,8,913,347,835,1980,15932,8,2,3,3,3,0,26,260262
BrkSide,7,1908,941,654,1891,3979,5,3,2,2,3,0,116,115231
Edwards,7,1920,908,477,1997,5362,5,1,2,4,3,1,13,188511
Somerst,5,1077,1479,763,1904,5454,7,1,4,3,3,1,104,133241
NAmes,8,1426,1260,147,1976,6152,6,2,3,3,3,1,34,223366
OldTown,5,1788,538,186,1997,4810,8,2,1,4,4,1,10,112678
NWAmes,8,1308,1132,4,1952,5985,5,1,3,3,4,0,57,120061
NWAmes,8,2049,1352,322,2007,13392,8,2,3,4,3,0,3,377494
Somerst,8,3220,1729,507,2008,21449,8,2,3,4,4,1,1,548714
NridgHt,3,1069,1447,495,1980,3743,5,2,1,3,3,1,27,179396
Edwards,6,868,1391,505,1959,4814,3,2,3,3,4,0,49,94065
BrkSide,6,1566,1083,169,1893,9016,9,2,2,3,2,0,116,107711
Mitchel,6,1812,1227,645,1946,3676,5,1,3,3,3,0,61,201720
Crawfor,5,1298,1606,524,1970,9133,6,3,3,3,3,0,39,234339
Crawfor,9,2341,470,630,2001,10615,7,1,1,3,4,0,9,208051
NPkVill,7,881,903,66,1882,11502,7,1,3,3,3,1,125,113699
Edwards,6,1794,717,539,1967,10467,7,2,3,4,3,1,43,124022
Edwards,6,1139,1223,217,1989,6200,5,3,3,3,3,1,17,170274
Sawyer,7,2570,1598,387,1906,7399,5,2,3,4,1,1,101,118262
Mitchel,7,2828,794,587,1917,4492,8,2,3,3,4,0,92,155467
NridgHt,7,1076,5,492,1870,10220,7,2,5,4,4,1,136,154599
Timber,9,1161,875,289,1929,18064,7,2,2,3,4,0,81,288708
Edwards,7,1902,1458,474,2009,10209,9,1,5,4,2,1,1,197943
SawyerW,10,1229,1293,143,2008,5724,7,2,2,3,3,1,1,187673
NoRidge,8,1385,1245,720,1913,13324,5,2,3,4,4,0,93,280002
NridgHt,6,1420,933,428,1984,26445,8,1,3,2,4,0,24,286829
NAmes,9,719,494,713,1977,9150,5,2,2,4,3,0,32,148739
NoRidge,5,1401,1283,359,1913,10691,3,2,2,3,4,0,97,205346
Timber,8,1106,689,360,1947,11371,5,2,3,4,4,0,60,130180
NWAmes,6,1184,2018,308,1894,3632,7,1,5,3,2,1,112,114758
NAmes,9,2333,1308,661,2001,6597,9,2,3,4,4,1,7,203233
NAmes,9,907,801,320,1985,6267,5,1,3,3,3,0,22,172103
Somerst,8,1871,787,611,1988,12300,5,2,3,3,5,0,18,299838
NAmes,8,1277,1016,390,1879,11604,6,2,4,4,4,1,130,130240
Somerst,6,1276,951,48,1978,7628,7,2,3,5,2,0,31,158599
Crawfor,5,1856,1548,350,1904,6081,7,1,3,4,3,0,102,271194
SWISU,6,1586,1139,219,2003,3486,6,1,2,4,5,1,5,240415
Mitchel,5,1719,735,480,1888,8040,7,2,3,4,4,0,118,141081
OldTown,8,1976,1888,217,1877,5027,5,3,2,4,3,0,130,125426
NAmes,6,1253,1078,672,1879,4725,5,2,2,3,4,0,128,158485
SawyerW,10,1136,1395,453,1898,12876,5,2,1,3,4,0,111,160294
NridgHt,7,963,789,434,1884,12221,8,1,4,4,2,0,122,149496
CollgCr,8,1054,1216,614,1956,6346,5,1,4,4,3,0,53,159252
Somerst,5,3952,1193,680,1892,3697,7,1,2,4,4,0,116,307537
Somerst,9,2176,225,468,1915,5362,5,1,2,4,3,1,92,258886
BrDale,9,877,1943,307,1897,13314,5,1,2,3,3,1,113,102394
CollgCr,7,886,1624,91,1895,10237,5,1,3,3,4,1,115,137504
Edwards,7,1666,882,325,1879,6400,5,2,2,4,3,0,127,107875
Mitchel,8,1705,572,340,1873,8344,5,1,4,3,3,0,133,116536
Sawyer,5,1706,1209,496,1924,2871,7,2,2,3,3,0,86,135362
Gilbert,7,1287,1095,398,1935,2764,5,3,2,4,4,1,71,167717
SawyerW,6,1347,1213,620,1936,21775,7,2,2,5,4,0,71,136659
Gilbert,5,1579,1141,341,2004,10438,5,2,5,3,4,0,4,192259
Timber,6,1451,1279,460,1924,8109,6,2,4,4,3,0,84,235193
NPkVill,4,647,1693,727,1900,6644,6,1,3,3,4,1,109,82556
ClearCr,3,1299,1306,546,1943,3357,9,1,3,3,4,1,64,225061
NoRidge,5,1045,595,460,1888,13314,5,1,2,4,3,0,118,128624
Mitchel,10,1497,1656,343,1950,4589,5,1,2,4,3,1,56,173676
Timber,7,4003,1778,336,1956,11522,8,2,3,3,4,0,53,325935
Landmrk,10,1601,2443,290,1889,8655,5,2,4,4,3,0,120,166499
MeadowV,7,1261,562,356,1882,7894,8,3,3,3,3,0,124,86001
BrkSide,6,1944,1163,635,1946,4225,5,1,3,4,3,0,60,124067
CollgCr,7,1667,140,425,1912,4253,7,3,3,3,3,0,95,89192
NoRidge,7,1631,1300,182,2008,9847,5,1,2,4,3,1,1,260423
BrkSide,5,1741,815,853,1919,8430,8,2,3,4,3,1,88,85401
CollgCr,7,2892,1903,541,1897,8296,6,1,3,3,4,0,109,287836
MeadowV,6,947,716,170,1873,9348,5,1,1,4,3,0,137,52821
MeadowV,7,1661,313,378,1891,3076,5,1,3,5,4,0,119,114556
Edwards,7,1018,849,496,1988,13461,5,2,4,3,3,0,18,142886
ClearCr,5,1710,187,839,1970,6782,7,1,3,4,4,1,39,237379
CollgCr,4,1020,1387,234,1908,14542,5,1,3,4,3,0,102,101519
Edwards,8,1216,148,682,1903,2968,5,2,2,4,4,1,106,110378
Crawfor,7,1269,1069,773,1966,10769,6,2,3,5,4,0,44,218950
Timber,4,1981,142,337,1913,10719,5,1,4,4,4,0,96,161138
NWAmes,10,1941,916,413,1909,3854,5,2,3,4,3,0,101,198818
BrkSide,4,910,1780,250,1966,5886,5,1,2,4,4,1,43,126098
NAmes,8,1435,1215,429,2009,4770,7,1,4,4,3,1,-2,245320
SawyerW,10,1098,677,465,1999,12476,9,2,4,4,3,0,10,193496
NridgHt,6,906,1043,614,1943,9456,5,2,3,3,3,1,64,184294
Mitchel,5,1305,1064,707,1955,18023,7,2,3,4,5,1,52,145049
BrDale,5,1263,1264,312,1959,8968,4,2,2,4,3,0,47,102375
StoneBr,6,3292,455,50,1936,11685,5,2,3,4,4,0,71,282454
NWAmes,5,1638,1317,468,1945,14559,6,2,3,4,3,0,63,166932
Edwards,8,869,0,536,1961,10691,5,2,3,3,3,0,46,38465
SWISU,4,1155,779,526,1879,6686,6,2,2,1,4,1,130,83078
NAmes,7,2013,842,402,1955,6092,8,1,3,4,3,0,52,163465
NAmes,10,2924,1335,499,1971,7786,8,2,4,4,4,0,38,292475
CollgCr,8,808,1066,798,1977,12067,5,2,4,4,4,0,32,310109
ClearCr,7,729,438,555,1960,5524,5,2,2,4,4,0,48,154507
Sawyer,6,2710,623,392,1948,11226,9,2,3,5,4,0,59,245664
OldTown,7,1613,1144,365,1955,9521,5,1,3,3,3,1,52,128204
Edwards,7,1039,1022,436,1976,4330,7,2,4,5,3,0,34,134337
BrkSide,7,1697,802,824,1970,10957,5,1,4,3,3,0,40,194645
NWAmes,5,559,845,433,1977,8698,5,2,5,4,3,0,29,77386
Gilbert,9,1409,1363,468,1929,6153,5,2,5,4,4,1,80,189030
Sawyer,7,1579,829,369,1917,8636,8,1,2,3,4,0,91,151890
Mitchel,6,1945,1018,709,1986,6274,8,2,3,3,4,0,24,201537
NAmes,6,987,2011,894,1975,9171,5,2,3,3,4,0,32,139090
Sawyer,6,1450,430,569,1902,7450,7,1,2,4,3,0,104,100747
Edwards,8,1018,242,490,1913,3770,5,2,2,3,4,0,95,100441
Crawfor,8,1539,1401,480,1981,7562,4,2,2,5,4,1,26,185257
CollgCr,8,1029,758,0,1958,6494,7,2,4,3,3,1,49,103404
NridgHt,2,1220,916,633,1905,11134,7,1,3,5,4,0,104,214447
SawyerW,6,993,713,501,1950,12580,5,2,4,3,4,0,59,121034
NoRidge,7,1768,942,565,1957,6282,5,2,3,3,1,1,53,202796
Gilbert,2,1901,1760,320,1999,5460,9,3,3,3,3,0,11,161210
NWAmes,6,1297,1409,390,1900,3497,8,2,3,4,3,0,107,136590
ClearCr,8,1427,1436,384,1977,5393,7,3,3,4,3,0,30,180894
SawyerW,5,848,433,692,1899,6893,5,2,3,3,4,1,111,98642
NoRidge,7,1267,550,391,1881,4147,7,2,2,3,4,1,129,202642
NoRidge,6,1383,0,920,1920,12664,5,2,4,3,4,0,87,140402
OldTown,2,3523,700,565,1990,9238,9,1,3,4,4,0,18,180799
CollgCr,6,954,1477,198,2008,7629,4,1,1,3,4,1,-1,178607
StoneBr,10,2350,1284,445,1882,8035,5,2,4,4,4,0,126,285608
NWAmes,8,1996,959,332,1960,9442,5,2,2,4,3,1,48,194659
Blueste,10,1553,1047,1,1943,11120,7,2,3,4,3,0,64,135535
Veenker,7,2605,753,816,1889,12142,7,2,3,4,1,1,117,215467
Mitchel,5,1603,1147,624,1941,6942,5,1,0,3,3,1,69,186023
NridgHt,7,1613,1393,587,1942,7547,6,1,3,5,5,0,67,317024
NoRidge,7,1382,346,508,1940,8835,8,1,3,3,3,0,67,174591
NWAmes,8,2160,1188,175,1947,7395,2,2,3,4,4,0,61,182178
NWAmes,5,2066,1467,369,1897,12533,7,1,2,4,4,0,110,286340
Mitchel,7,1131,874,653,1999,14967,8,2,3,3,3,1,11,165672
NPkVill,5,887,1365,246,1990,9624,3,1,2,3,3,0,18,85342
BrDale,6,1311,2295,0,1912,5145,3,2,5,3,3,1,97,48378
NWAmes,8,1064,1011,424,1877,10448,5,2,2,3,3,0,132,104600
Crawfor,7,1377,1230,442,1882,9816,4,2,3,1,4,1,127,119759
Sawyer,6,2171,732,502,1980,4934,5,1,4,1,3,0,26,125551
Somerst,6,1199,1136,629,1904,9811,7,2,4,3,3,1,104,219616
Blmngtn,7,1387,1259,610,1892,6172,6,1,4,4,3,0,116,182335
NridgHt,8,1436,1142,528,1915,11766,5,1,5,4,3,0,91,249316
NoRidge,9,1894,608,730,1884,10405,7,1,3,4,3,0,124,242784
MeadowV,10,641,1147,146,1999,9058,7,1,3,4,4,0,7,104909
OldTown,8,1138,1700,581,1930,8260,8,1,1,4,3,0,77,204083
NAmes,6,1516,1254,607,1984,2788,5,1,2,4,4,0,26,153438
CollgCr,8,2143,1480,206,1933,4415,7,1,3,4,4,1,76,162424
Timber,7,1185,952,149,1921,7590,8,2,2,4,4,0,85,203585
StoneBr,6,730,1386,312,1938,17321,6,3,3,3,3,1,68,216231
Somerst,8,1749,1179,330,1936,10746,5,2,1,4,3,0,70,309323
NWAmes,3,1127,638,634,1952,20070,5,1,3,4,3,0,55,115966
NAmes,9,928,1197,340,1871,8446,8,2,3,4,2,1,135,105498
NAmes,7,1131,620,288,1947,7979,5,2,3,4,4,1,63,210512
Somerst,7,1320,778,341,1897,16523,8,1,3,3,3,0,113,172981
MeadowV,7,1139,1140,713,1923,7483,8,2,5,3,5,1,86,107485
NPkVill,9,650,1187,475,1936,4948,5,2,4,5,4,0,71,142540
NWAmes,7,1927,533,434,1971,9493,6,2,3,4,3,1,39,179912
Mitchel,7,2199,1520,449,1989,14203,3,2,4,3,4,0,19,249642
CollgCr,4,1768,1308,750,1917,5361,5,2,2,3,3,0,91,175319
Somerst,7,945,746,311,1916,10878,7,2,3,4,3,0,92,171730
CollgCr,5,1312,380,755,1890,7734,7,1,1,4,3,0,116,101536
SWISU,8,1404,993,518,1961,10154,5,1,2,4,4,0,45,187865
NoRidge,7,1736,860,438,1990,9478,7,2,5,3,3,0,18,245742
NridgHt,8,1779,1106,1010,1985,6586,5,1,3,3,4,1,24,561528
NoRidge,4,1089,897,246,1870,7684,5,1,4,3,3,0,139,134949
NoRidge,5,1449,173,396,1946,6791,5,1,3,4,3,0,60,138325
Edwards,8,1652,886,208,1954,8598,5,2,4,2,3,0,54,246932
NAmes,4,2343,922,677,1915,5307,9,1,5,3,3,1,94,137377
Gilbert,4,1801,1335,836,2006,5981,7,1,3,4,3,1,0,227797
NridgHt,2,1855,749,832,1916,6588,6,2,3,4,3,0,92,146596
Gilbert,10,1450,1795,736,1928,9856,6,2,3,3,4,0,79,212020
Gilbert,8,2306,215,430,1923,3992,5,1,4,4,3,0,85,254686
Timber,6,1625,1633,394,1955,7680,5,3,3,5,5,1,53,312501
Blmngtn,6,1041,958,113,1881,5686,7,2,3,5,3,1,129,78275
CollgCr,6,2301,1435,910,1875,6596,8,2,3,4,3,0,135,162251
Mitchel,8,1797,1092,573,1922,5825,7,0,2,4,3,1,85,227404
Mitchel,7,1205,1558,367,1959,8931,5,2,2,3,2,0,48,174688
NoRidge,6,1190,886,758,1874,7490,5,2,3,4,5,0,134,187437
CollgCr,5,1562,573,263,1942,11565,4,1,4,4,4,1,67,175029
Mitchel,5,1655,1682,560,1883,9905,5,1,3,4,4,1,124,114097
Gilbert,7,1508,1007,435,1975,3757,5,1,3,4,4,1,33,153721
Edwards,8,1570,1154,610,1921,5014,6,3,3,4,4,0,85,86588
NAmes,6,2552,1600,459,1985,7431,5,1,3,5,4,0,25,302311
Timber,3,2048,602,161,1895,7930,7,2,4,3,4,1,114,153940
NridgHt,5,1505,1319,489,1922,5240,7,1,3,3,3,1,86,230646
Mitchel,10,1957,797,698,1978,15552,5,2,2,4,4,0,28,127327
NoRidge,6,981,998,466,1898,12485,7,2,2,3,4,0,112,183819
SawyerW,8,1618,1088,639,1888,3560,5,1,4,4,3,1,118,188624
Landmrk,7,2652,396,248,1916,9630,6,2,5,3,4,1,92,82674
SawyerW,6,1304,714,467,2005,7919,7,1,3,4,3,1,2,181932
CollgCr,6,1046,1651,338,1892,15092,6,1,2,4,4,1,118,137879
Mitchel,5,1120,1446,633,1986,3696,8,2,3,3,3,0,20,139244
Blmngtn,7,961,1029,479,1975,22695,4,1,3,3,3,1,32,215011
NWAmes,8,1069,1163,621,1922,5316,7,2,3,3,3,1,87,189850
Landmrk,7,1236,927,706,1965,9791,6,1,4,3,4,0,43,263305
CollgCr,7,860,1653,621,1874,5983,7,1,4,4,3,1,134,100159
MeadowV,4,1415,968,531,1885,6713,8,2,4,4,4,1,125,98284
BrkSide,10,1931,1159,258,1886,3481,7,2,3,3,4,0,120,196454
Timber,8,1024,1561,472,1971,14741,7,1,3,4,3,1,38,197046
NridgHt,6,2396,714,358,1889,7081,5,2,3,2,5,1,121,360620
NridgHt,10,1683,1742,399,1981,7325,5,1,3,4,3,0,29,415158
NoRidge,7,2019,383,392,1989,25751,7,2,3,2,4,1,17,211002
NridgHt,7,1118,1774,262,1980,13091,6,1,2,4,3,0,29,200348
NAmes,8,1899,893,52,1870,5801,9,1,3,4,3,1,136,112325
NridgHt,8,960,950,329,1927,5972,5,2,3,4,3,0,81,206902
Crawfor,7,1922,225,514,1962,9227,5,1,3,4,4,1,45,264850
OldTown,5,1495,856,183,1875,11912,6,1,2,4,4,0,133,96296
NoRidge,6,1708,599,476,1977,19462,8,1,3,5,3,0,31,392196
OldTown,9,933,789,881,1972,3626,8,2,2,4,3,0,38,143933
ClearCr,6,1029,996,692,1919,11655,5,3,3,3,5,0,89,153928
NridgHt,6,1735,1478,826,1987,12630,4,2,3,4,2,0,22,307121
NAmes,7,1010,1148,557,1979,5460,5,2,4,2,3,0,29,175992
Mitchel,7,1655,1192,724,1957,6767,5,2,4,4,3,1,52,199210
Edwards,7,872,574,317,1889,3586,9,2,3,4,3,1,117,73109
NPkVill,9,1894,669,334,1883,6307,5,1,3,5,4,1,127,173881
Sawyer,6,914,1848,0,2002,9100,5,3,3,4,5,1,7,86057
ClearCr,5,1708,733,728,1909,17980,5,1,2,3,3,1,99,147868
Timber,6,1752,1785,804,1903,18829,5,1,3,4,4,0,107,298627
SWISU,9,1103,950,354,1993,4843,7,2,3,3,4,1,17,162747
Sawyer,7,1726,1058,418,1914,16796,4,2,3,3,3,1,95,224408
BrDale,6,1542,1527,310,1949,3057,5,1,3,4,3,0,60,135041
CollgCr,8,1166,1616,555,1940,6048,9,1,4,3,4,1,67,159401
CollgCr,9,989,1008,714,1947,6968,5,2,2,4,3,0,60,149420
Sawyer,8,708,886,98,1947,9190,7,2,3,5,3,1,63,78194
Crawfor,9,1591,1032,561,1902,8546,5,2,5,4,5,1,105,243304
BrkSide,6,814,1205,413,1902,9728,7,1,4,3,4,1,106,72057
Edwards,8,1455,1449,497,1913,7394,4,3,1,4,5,0,93,89474
CollgCr,7,1284,1058,571,1889,13092,5,1,4,4,3,0,121,104526
SWISU,8,1785,1329,432,1980,11451,6,2,2,4,4,1,26,167353
SWISU,8,1266,1777,450,1876,7010,5,1,3,4,4,0,131,146294
NridgHt,8,1254,1224,427,1893,12347,6,1,3,4,5,0,116,235071
BrkSide,7,1819,1194,681,1939,22793,5,1,3,3,5,1,71,192292
Gilbert,5,1583,388,563,1981,5787,7,2,3,5,5,1,26,154822
OldTown,7,1572,0,520,1973,18726,8,2,2,5,5,0,35,71898
Crawfor,10,1659,1227,199,1923,6052,4,1,2,4,1,0,87,288977
Edwards,9,822,1015,391,1907,16402,5,2,3,3,4,0,103,94494
CollgCr,4,1835,830,666,1943,6167,8,1,3,4,3,0,66,185121
NoRidge,5,1744,1164,481,1949,11882,7,2,5,4,4,0,61,245520
BrkSide,5,986,1030,614,1901,8864,4,1,3,4,5,1,108,92704
NridgHt,8,1292,1553,852,1914,3318,5,2,2,4,2,1,93,292591
Crawfor,8,1388,1094,696,1930,21115,5,1,3,2,4,1,78,219062
MeadowV,6,1343,728,493,1922,5178,5,2,3,3,4,0,86,100783
MeadowV,7,1582,1492,363,1997,4294,8,2,2,4,3,1,13,143181
SawyerW,8,2323,961,0,1945,5885,7,1,3,4,3,1,65,139369
Mitchel,8,2056,1288,436,1896,28727,7,1,5,4,3,1,111,154988
Blmngtn,7,889,846,402,1931,4329,5,1,3,3,3,0,78,122131
ClearCr,7,1750,771,556,1887,8858,5,2,3,4,4,1,121,196698
Crawfor,7,2242,1094,439,1996,4621,8,1,3,3,3,0,13,322438
NAmes,6,1612,1062,404,1978,5034,1,2,1,4,2,1,29,141072
SWISU,7,2062,1268,90,1972,3642,5,2,2,3,5,0,36,172178
Sawyer,8,2847,938,270,1946,9486,5,1,4,4,4,1,62,166943
Sawyer,9,2014,249,575,1986,7475,6,1,5,4,3,1,20,169482
NridgHt,7,1536,866,841,1973,4602,5,2,2,5,3,0,34,394693
Gilbert,8,2029,1406,452,1918,12539,5,2,3,4,4,0,89,189288
NoRidge,5,1481,926,543,1985,13218,8,3,5,4,3,0,21,277367
NWAmes,7,1419,948,677,2010,9932,7,1,2,3,4,0,-1,159668
Blmngtn,1,1245,1491,298,1969,14549,5,1,2,4,4,0,37,123678
Edwards,6,2433,743,551,1994,6805,7,2,4,4,3,1,13,135811
CollgCr,8,1057,378,313,1894,9520,5,2,3,2,4,0,115,125618
NridgHt,10,2407,986,658,1997,6818,5,2,2,4,3,0,11,500731
StoneBr,5,1677,843,505,1969,3813,7,1,3,4,3,0,37,282807
Blueste,6,862,631,537,1874,9041,5,1,2,3,5,0,135,96691
Mitchel,8,1601,979,304,1888,8772,5,1,3,3,3,1,121,153791
NridgHt,6,675,1273,625,1887,7981,7,2,4,4,4,1,122,118000
NridgHt,7,1752,1052,921,1990,9768,8,1,3,4,4,1,16,310591
NAmes,8,1919,1192,256,1901,16415,6,2,3,3,3,0,107,94452
NridgHt,7,1144,1854,399,1879,7315,1,2,3,5,5,0,130,205849
OldTown,6,1470,906,522,1906,5021,5,1,2,5,3,0,100,103273
NAmes,6,2790,1179,642,1955,7158,5,1,1,3,3,0,52,208234
NridgHt,8,1179,832,352,1882,7567,5,2,4,3,4,0,124,342305
NridgHt,7,972,684,0,1878,13250,5,1,3,4,3,1,128,128387
BrDale,1,2365,799,765,1957,8546,7,1,2,5,4,0,49,167378
CollgCr,8,2798,846,636,1915,4563,5,1,3,4,4,0,94,294945
CollgCr,3,1409,1215,98,2005,12121,5,2,4,4,3,1,1,162197
OldTown,8,2006,2090,342,1988,11187,6,3,3,3,3,1,19,203606
Landmrk,6,2251,741,810,1888,8548,5,2,3,4,3,0,121,150436
BrDale,10,1085,873,784,1963,13018,9,2,3,4,4,1,44,140516
SWISU,6,1188,1029,674,1895,14154,5,2,2,3,3,1,115,108234
CollgCr,6,2166,1231,435,1915,6709,8,2,4,4,3,0,91,269973
NridgHt,5,2539,1172,490,1987,5166,8,3,3,3,3,0,22,376580
Sawyer,6,1714,1622,444,1915,8055,8,2,3,4,3,0,94,105238
NWAmes,9,1034,0,715,1883,10596,3,1,4,3,4,1,123,59906
CollgCr,10,2822,6,284,1954,7687,8,3,5,2,5,0,54,156199
BrkSide,6,1169,838,299,1932,4943,5,2,2,4,3,1,76,96594
NridgHt,7,1252,1539,690,1941,8789,3,1,2,3,3,1,66,239461
Gilbert,8,1587,368,463,1872,2931,5,3,3,4,4,0,134,129703
NoRidge,9,2425,0,769,1897,6889,5,1,1,3,3,0,109,97484
Gilbert,7,1898,1308,328,1994,12401,5,1,4,3,5,0,16,152058
NoRidge,6,1628,1164,461,1956,12742,5,2,4,3,3,0,52,239045
NridgHt,6,1655,577,274,1946,1300,5,1,3,3,3,1,62,215140
NridgHt,8,1429,623,474,1945,7359,7,2,3,2,5,0,61,191444
Mitchel,1,1711,630,155,1983,10934,5,1,2,4,3,0,24,101512
SWISU,7,580,1105,368,2002,4500,6,1,3,2,3,0,4,104851
SawyerW,6,1269,781,164,1944,6727,9,2,4,3,3,0,63,162852
MeadowV,8,1532,1274,622,1928,14821,5,2,3,4,5,0,80,169396
CollgCr,5,941,0,627,1928,6360,7,1,1,3,4,0,82,71614
ClearCr,7,1611,679,100,1916,18021,9,3,3,4,3,1,93,127896
Edwards,7,1310,561,759,1964,5593,5,2,5,3,4,0,44,126891
Somerst,7,2602,944,1009,2010,16398,5,1,3,3,4,0,-3,440197
MeadowV,4,2441,820,482,1947,8240,8,1,4,4,3,1,59,89218
NoRidge,7,1196,1408,335,1982,5223,8,2,4,5,4,0,26,274760
MeadowV,7,1335,238,1080,1978,16425,7,2,3,3,4,0,32,118391
NoRidge,7,1372,1077,189,1975,4432,5,1,2,4,3,0,32,188272
Edwards,7,1202,1302,477,1958,5442,8,1,3,2,3,0,48,138334
NWAmes,7,1507,1873,511,1902,10352,5,2,3,3,3,1,107,229933
BrDale,8,1079,845,762,1966,8437,5,1,4,5,4,0,41,160841
NridgHt,6,947,1199,550,1948,9292,5,2,3,3,4,1,58,211523
NWAmes,8,1751,263,365,1885,6740,5,2,2,4,4,0,124,169204
MeadowV,7,1755,4,268,1913,4448,7,1,3,3,4,0,93,40947
NWAmes,4,1062,1428,399,1989,5848,7,2,2,4,4,1,20,169004
Mitchel,4,1926,1054,256,2003,15680,7,2,3,4,4,0,6,175452
NAmes,6,1128,1575,483,1977,4152,3,2,3,4,3,1,32,154282
Blmngtn,8,1538,452,351,1873,18439,6,3,2,3,3,0,133,137152
Mitchel,8,1876,1285,151,1925,9489,7,2,3,4,3,0,84,185969
SawyerW,8,1391,1879,742,1933,6012,5,2,3,4,3,1,74,139840
BrkSide,7,1651,1241,366,1964,2977,8,1,3,4,4,0,46,123019
NoRidge,7,1175,1178,200,1925,3180,7,2,2,4,4,1,85,219892
ClearCr,5,1314,1060,436,1901,6782,7,2,4,4,3,0,108,99092
MeadowV,6,1310,365,487,1985,6383,4,1,2,4,5,1,25,120943
Edwards,7,1084,1653,97,1878,8594,7,1,1,3,3,0,132,105834
Blmngtn,5,1323,788,544,1974,19140,8,1,3,4,3,1,35,230977
Mitchel,6,818,1278,247,1947,10601,5,2,2,4,4,1,62,126787
Somerst,7,1185,369,840,1956,7598,8,2,3,3,3,0,51,259115
Timber,8,1274,538,585,1890,14889,5,2,4,4,3,0,118,173429
Gilbert,10,1287,1688,387,1924,8737,6,1,3,5,4,1,82,159252
CollgCr,9,1293,904,312,1945,18031,7,2,3,4,5,0,64,193930
SawyerW,7,1377,1696,450,1999,5790,7,1,3,3,4,1,10,198330
NridgHt,7,1665,1022,604,2010,4564,8,2,2,3,3,1,0,381172
BrDale,7,1912,246,467,1995,2980,5,1,3,4,2,1,12,134043
BrDale,8,1121,1449,426,2001,7687,5,3,3,5,5,0,9,150844
NAmes,5,924,797,485,1953,4370,7,2,4,5,3,0,56,150095
NWAmes,6,977,1364,343,1984,4339,5,2,2,4,5,0,25,150504
ClearCr,8,1187,1068,399,1917,13590,5,2,3,4,4,0,93,196166
OldTown,6,1244,378,24,1992,3425,3,2,4,3,4,0,17,106340
NAmes,7,1075,1129,682,1947,8533,5,1,4,3,4,1,61,150762
Timber,7,894,2023,537,1899,7772,7,2,5,3,3,0,107,161510
BrkSide,6,1200,1273,306,1898,8485,7,3,3,2,4,1,108,73519
OldTown,6,1500,1031,881,2005,16188,5,1,3,4,3,1,1,166746
Landmrk,6,1734,1530,491,2009,5362,5,2,4,4,4,1,-1,168525
NPkVill,3,1158,1149,250,1910,16195,4,3,3,4,4,0,99,87413
Mitchel,3,1218,1149,657,1895,3360,5,2,2,5,3,0,115,85456
CollgCr,8,1018,576,558,1919,11219,5,2,3,5,4,0,88,138400
BrkSide,6,1392,1159,557,1871,16952,5,2,3,4,3,0,138,91507
Edwards,7,1046,1512,381,1924,1300,7,2,4,4,3,1,84,87347
NoRidge,6,1720,689,569,1973,7960,7,3,5,3,4,1,35,222514
NoRidge,9,753,1683,416,1883,7643,5,3,4,4,3,0,123,124738
CollgCr,6,1241,1016,592,2003,8399,7,2,2,3,4,0,6,209636
OldTown,7,1564,666,63,1997,19068,8,1,3,3,3,0,9,165681
BrDale,9,1501,1495,379,1973,5531,5,1,4,5,3,1,34,153966
StoneBr,8,3613,930,843,1964,4481,5,1,5,3,3,1,42,401334
SawyerW,6,1591,1391,308,1950,8430,6,3,3,3,3,0,57,121432
CollgCr,8,990,928,343,1930,14216,5,2,2,4,4,0,78,95896
MeadowV,7,1361,1030,376,1881,10714,7,2,4,4,4,1,125,99354
OldTown,7,756,1274,211,1882,8243,8,2,3,3,5,0,124,98669
OldTown,5,1368,1184,0,1958,7225,5,1,3,3,3,1,52,65285
Gilbert,5,1051,178,423,1964,2970,7,2,3,5,4,0,44,159138
CollgCr,8,1939,563,502,1928,10860,7,2,3,3,4,0,82,166967
Somerst,7,1161,1465,461,1906,11529,3,1,3,4,3,0,101,216816
NoRidge,7,1351,998,441,1894,5732,5,1,3,4,4,1,113,200278
Edwards,8,1127,826,482,1885,6422,8,2,3,4,4,0,123,60447
OldTown,8,2587,459,692,1956,4797,8,1,1,3,3,0,51,206261
BrDale,5,1258,581,432,2003,12507,7,3,3,4,4,0,5,90454
BrDale,7,2674,167,349,1892,6748,8,1,3,4,3,0,115,72365
NWAmes,5,1872,1012,412,1995,7520,5,2,4,3,3,1,14,218982
Blueste,8,1666,793,597,1929,11099,5,1,3,3,3,1,77,128250
Landmrk,7,1602,631,776,2009,9542,5,1,3,3,4,0,0,114406
OldTown,10,1616,1027,337,2010,10739,4,2,3,4,3,1,-2,277596
Somerst,4,717,1217,494,1969,8843,7,2,3,4,3,0,39,133982
Blmngtn,4,1277,1978,545,1972,8942,9,2,3,3,4,0,37,125073
StoneBr,6,1892,391,259,2003,8900,7,1,3,3,4,1,3,254614
MeadowV,6,1384,1567,477,1932,10162,6,1,3,4,4,0,74,187720
SawyerW,6,861,1485,157,1907,10412,5,2,3,4,2,0,103,107743
Somerst,9,1382,714,92,1997,4392,5,1,2,4,4,0,10,193671
NAmes,6,2556,1146,551,1919,6011,5,1,4,3,3,1,91,201431
Mitchel,6,2178,855,390,1909,7319,7,2,4,3,3,0,97,141919
CollgCr,8,1377,1138,516,1877,10156,5,1,3,4,4,0,132,145446
NridgHt,7,1964,1721,469,1877,18010,8,1,3,3,4,1,130,230882
NAmes,8,1238,1323,263,1973,5395,8,1,4,4,4,1,36,210608
NWAmes,4,775,1280,463,1903,12573,5,3,3,4,4,1,107,110776
Sawyer,7,1018,867,207,1926,6096,5,1,4,3,4,0,82,146682
NWAmes,3,2433,404,772,1891,16078,7,2,2,4,3,0,118,150903
Edwards,4,1279,965,181,1956,21081,5,1,3,4,3,0,54,148143
NWAmes,9,1293,1587,430,1909,3381,7,2,4,4,5,1,101,211854
SawyerW,5,1267,385,248,1955,6883,7,1,3,4,3,1,55,120339
Edwards,7,2742,592,595,2002,2502,5,2,3,4,4,1,6,211842
CollgCr,6,2487,1112,401,1964,3481,5,2,4,4,4,0,44,365452
StoneBr,6,3061,623,361,1882,3591,5,2,3,4,3,0,126,346624
NoRidge,9,1331,708,656,1897,11070,8,2,3,3,4,0,110,345372
SWISU,3,1561,870,479,1953,10081,3,2,3,3,4,0,55,103698
Mitchel,7,828,456,584,1931,12095,8,1,3,5,4,0,77,80188
NAmes,10,2361,628,262,1962,10981,7,2,4,5,2,1,46,186332
Veenker,7,935,1366,170,1956,10327,7,2,5,4,3,0,53,177327
StoneBr,9,1519,481,496,1893,8569,1,2,4,4,3,0,115,196652
NoRidge,4,959,353,404,1967,7589,7,1,3,3,4,1,40,185083
CollgCr,6,1145,779,607,1876,13491,7,2,2,4,4,0,134,118051
SawyerW,6,1050,1379,455,1906,8152,6,2,4,5,3,1,103,92020
CollgCr,8,1138,970,517,1937,10536,7,2,3,4,4,1,69,198433
Blmngtn,10,1165,852,123,1955,2527,6,1,4,3,3,0,53,166089
BrkSide,6,1162,1076,879,2002,4502,8,2,2,3,4,1,8,192346
Crawfor,7,1884,288,437,1956,13228,5,2,4,4,4,0,54,200826
NWAmes,6,956,1274,622,1884,5800,7,2,2,4,3,0,125,141219
Sawyer,7,1521,1225,293,1992,4033,5,2,3,3,3,0,14,136858
CollgCr,7,2156,876,539,1976,11166,7,2,3,4,4,0,31,269101
Mitchel,10,1176,1499,192,1958,8108,8,2,3,2,3,0,52,192790
Edwards,7,1095,560,570,1994,6611,5,2,3,4,3,0,16,149137
Landmrk,6,1298,1553,396,1982,17232,6,2,3,4,2,0,28,122279
StoneBr,5,2127,1124,479,2006,15815,7,2,3,4,3,0,4,359238
BrkSide,5,1507,908,623,1976,7376,4,1,0,4,4,1,33,162062
Gilbert,6,1169,1048,208,1956,11628,5,1,2,4,4,1,50,203846
Somerst,6,1667,1009,325,1937,2645,5,2,4,4,3,1,73,174354
Blmngtn,8,957,1593,571,1884,13998,8,2,2,4,3,0,123,109822
BrDale,7,1787,583,924,1934,4706,8,1,2,5,3,1,73,106705
Gilbert,7,1624,721,443,1923,3920,7,1,3,3,5,1,85,178293
Crawfor,5,1264,1512,600,1962,3318,7,2,3,5,4,0,48,194532
Mitchel,9,1049,794,450,1889,3193,7,1,4,3,4,0,121,144751
Somerst,8,1032,1453,890,1902,13907,5,2,4,3,4,1,108,212869
NridgHt,4,1697,1804,97,1969,11109,5,2,4,4,4,1,41,171235
StoneBr,8,2164,880,493,1946,5525,6,1,3,4,5,1,64,308515
StoneBr,7,1126,1356,123,2004,12424,8,2,3,3,2,1,3,253300
StoneBr,5,1653,549,0,2005,6017,7,2,3,4,5,1,1,232291
StoneBr,7,678,1389,536,1976,9526,6,2,3,4,4,0,30,214220
Mitchel,7,1147,1144,502,1989,6366,7,1,2,3,3,0,19,222762
Timber,5,1392,1265,411,1943,7631,5,2,3,4,4,1,64,235316
Crawfor,9,1024,772,450,1880,5145,7,2,1,3,4,0,130,152793
Edwards,8,1014,326,1139,1900,5541,5,1,4,4,4,0,106,101918
Gilbert,7,1114,1278,417,1881,10636,5,1,4,4,3,0,128,130477
NAmes,7,1559,149,582,1993,11526,7,1,2,3,4,1,16,165785
Timber,6,1318,917,333,1947,6587,7,1,3,5,2,0,62,187298
Timber,7,643,1471,536,1965,3779,5,1,5,4,4,1,45,228862
NoRidge,7,670,1141,421,1919,27878,6,1,3,4,5,0,91,229923
Timber,4,1138,1914,384,1986,8253,7,2,4,4,4,0,22,273900
Somerst,7,1652,1508,864,1886,9471,7,2,3,4,3,1,122,160924
Timber,8,538,769,726,1998,4312,8,1,4,3,4,0,10,136128
NridgHt,7,1182,1069,502,1933,14877,5,2,3,3,3,0,76,251006
StoneBr,4,1171,1036,0,2001,16057,9,1,1,4,4,0,9,145749
Gilbert,8,2289,360,395,1956,3449,7,2,3,4,4,0,53,222852
Veenker,6,1230,643,1054,1885,7698,7,1,3,3,3,0,123,118440
CollgCr,6,1610,810,423,1932,7404,7,1,4,5,3,0,78,128618
Gilbert,5,1479,161,710,1945,26748,5,2,2,3,4,1,62,142289
NAmes,6,668,1077,783,1954,16677,4,1,3,3,3,0,52,93853
NoRidge,8,1842,947,520,1978,3922,7,2,3,3,4,0,28,411561
Sawyer,7,1518,320,292,1886,5630,6,2,4,4,3,0,122,91637
Mitchel,6,1682,1234,0,2010,5184,7,1,4,5,3,0,-1,108220
NridgHt,9,4500,1371,620,1927,9757,5,2,3,3,4,0,80,294641
Edwards,9,678,1156,297,1948,17784,5,2,2,4,4,1,62,146651
BrkSide,9,2575,914,510,1930,8557,5,1,1,3,4,1,79,211098
NridgHt,6,1273,1317,204,1982,10410,7,1,3,4,4,0,26,189743
Somerst,7,1557,1356,415,1990,5812,5,1,3,3,3,1,19,154673
Sawyer,10,1385,1192,480,1903,10382,7,3,3,4,4,0,105,135475
SWISU,8,1213,694,530,1939,6399,5,2,5,4,3,1,67,178221
Timber,3,1153,1178,233,1886,3567,7,1,3,4,3,0,120,117577
Veenker,4,1580,1583,730,1889,10051,5,2,4,3,3,0,120,159973
CollgCr,7,827,794,344,1928,8063,5,1,2,3,3,0,79,155067
Gilbert,9,1831,1980,112,1938,4681,7,1,1,4,3,0,72,163801
Mitchel,7,1217,825,449,1971,18447,6,1,3,4,3,1,37,139798
CollgCr,7,948,1071,480,1989,5523,5,2,3,5,5,0,21,202785
Gilbert,5,1202,761,507,1926,10987,8,1,3,4,3,0,80,127311
SWISU,7,2186,1155,765,1952,6759,5,2,4,5,3,1,55,174695
NoRidge,8,1167,290,422,1998,17532,5,2,3,4,4,0,9,314715
Somerst,6,1596,816,447,1882,7195,5,1,3,3,3,1,128,176594
NAmes,8,1090,576,235,1875,3507,5,1,4,2,3,0,131,117246
Edwards,10,1835,1116,649,1966,12148,5,1,3,4,3,0,44,188685
NWAmes,6,1789,1494,512,1963,17496,5,2,3,4,3,0,46,136086
NWAmes,7,2689,1341,382,1979,6543,7,2,2,4,3,0,28,258293
NridgHt,6,1324,13,63,2007,11378,5,1,4,3,3,0,0,110398
Blmngtn,8,1779,1955,783,1920,8644,7,1,4,4,4,1,89,145391
NWAmes,7,1457,1186,209,1920,6691,5,1,1,4,3,1,86,148225
Somerst,7,2216,715,345,1956,12337,5,1,3,4,3,1,51,248267
Somerst,8,1094,1126,550,1937,5431,1,2,4,3,4,1,71,269821
CollgCr,6,1827,1134,215,1953,8235,7,1,4,4,3,1,55,149104
NoRidge,9,1315,763,151,1911,9215,7,1,3,3,3,0,95,258451
Crawfor,7,1376,1144,16,1926,9050,7,2,4,5,4,1,83,104836
Veenker,5,1454,789,628,1931,5498,5,1,3,5,4,0,79,257262
Crawfor,8,1538,879,355,1876,22692,7,2,2,3,4,1,130,139889
NridgHt,8,1351,755,1102,1981,15231,7,1,0,3,3,1,29,280548
Edwards,6,1518,426,259,1895,13295,1,3,3,4,5,0,111,98290
SawyerW,8,2446,1121,274,1888,16590,5,1,3,4,3,0,120,217342
NAmes,9,1988,1314,351,1878,8386,5,2,4,2,3,1,131,113676
Sawyer,6,1908,1283,525,1930,6730,7,1,2,5,3,0,78,156374
Gilbert,10,1200,1417,371,1889,4700,4,2,3,4,4,0,120,144899
NridgHt,5,1031,1199,604,1975,5700,7,1,1,3,3,0,35,362033
NWAmes,6,1967,822,262,1919,4880,6,2,4,4,4,0,87,132501
SawyerW,6,1913,1426,175,1950,6222,6,1,4,3,4,0,57,100283
SWISU,9,2357,459,86,2010,9304,5,2,2,3,3,0,-3,284897
Blmngtn,7,1139,660,0,2009,12797,7,2,3,4,4,0,0,129859
StoneBr,5,1299,632,361,1879,12621,3,2,2,3,3,1,130,137301
ClearCr,7,793,1532,408,1934,4510,4,2,3,4,3,0,74,147508
CollgCr,7,1227,1471,337,1877,11436,7,1,2,5,3,0,130,124777
Mitchel,5,1995,1271,740,1891,14356,5,1,3,4,4,0,117,103944
SawyerW,9,1195,1528,737,1887,7135,5,2,3,1,3,0,123,133371
CollgCr,8,1761,670,401,1878,14748,5,1,3,3,4,1,129,159210
BrDale,7,1317,1210,87,1923,12555,5,1,2,4,5,1,87,106442
SawyerW,10,1577,1001,351,1895,4305,4,1,3,4,5,0,111,147835
Somerst,6,942,1429,344,1963,24242,5,1,3,4,3,0,45,143667
NridgHt,10,1450,1006,331,1969,5665,6,2,3,4,2,1,40,291411
StoneBr,7,500,887,322,1895,13078,5,2,2,3,3,0,112,101036
Somerst,7,1318,1294,332,1903,12843,9,2,4,4,4,0,105,226884
Timber,5,795,1442,389,1877,4393,5,1,3,4,5,0,132,162662
Timber,9,2147,762,336,2007,8861,5,2,2,5,4,1,-1,323530
ClearCr,7,1848,1030,517,1917,12764,6,2,2,3,4,0,90,224212
Timber,5,1657,591,550,1976,4370,5,2,5,4,2,0,34,162011
Edwards,2,2397,0,277,1923,8516,8,2,3,3,4,0,83,47246
NridgHt,7,1010,1145,746,1988,13310,6,2,4,4,3,0,21,370270
NWAmes,7,2595,1324,262,1950,13747,5,1,3,3,3,0,57,249438
CollgCr,8,1951,1172,125,1965,6643,7,1,3,5,4,0,42,247858
BrDale,9,1296,199,554,1971,17539,3,1,3,4,4,1,35,106066
NridgHt,4,2095,902,297,1931,15564,9,3,0,4,3,0,76,243283
CollgCr,8,956,80,542,1915,9141,8,3,3,5,3,0,94,82709
MeadowV,6,1055,1659,0,1956,5828,6,2,3,3,3,0,50,59606
Edwards,8,1137,579,772,1968,4523,5,2,4,4,4,1,42,153294
OldTown,8,1170,1609,617,1908,9786,5,2,3,4,3,0,98,130142
Somerst,7,972,1473,150,1922,16852,5,2,3,4,4,0,84,155520
Timber,8,2160,660,155,1949,7528,5,2,3,4,3,1,61,214154
NAmes,6,1286,558,832,1885,5273,5,2,3,4,3,0,124,95011
BrkSide,7,1593,1211,314,1973,12239,8,2,2,4,3,1,35,121505
NWAmes,8,1153,685,293,1939,8841,5,1,2,3,3,0,69,134367
SawyerW,7,744,1102,0,2010,10487,7,2,3,4,4,0,0,113190
Somerst,6,1547,844,397,1977,6231,7,2,3,3,4,0,32,172362
Blueste,7,721,273,424,1916,6735,8,2,3,1,3,0,91,76303
Timber,8,1374,75,626,1878,6216,3,2,3,3,3,1,132,135534
Crawfor,6,872,1156,172,1903,10400,5,1,3,3,4,0,105,144659
CollgCr,5,2822,809,146,1955,6838,7,1,4,4,3,0,54,206478
Gilbert,8,1937,813,569,1984,10896,7,2,4,2,3,1,22,160261
Somerst,8,1461,1363,689,1933,5939,8,2,3,3,3,1,76,343672
NridgHt,5,2191,1573,135,1903,10391,7,1,4,4,4,0,106,308373
Mitchel,6,1047,937,705,1881,11520,5,2,4,4,1,0,127,119122
ClearCr,5,1703,907,481,1966,9564,6,1,3,4,3,0,42,174966
SawyerW,6,1510,1277,707,1990,12816,3,2,3,5,4,1,17,203885
StoneBr,7,1544,459,457,2010,6369,7,2,2,3,5,1,-3,221348
Gilbert,8,2198,1155,0,1956,11456,6,1,4,3,3,0,54,127235
NWAmes,7,1819,1299,440,1971,9105,7,2,2,3,3,0,35,212927
NoRidge,7,1557,1356,700,1965,5405,8,2,2,5,4,0,42,342561
Crawfor,6,789,204,280,1983,3122,7,2,3,4,3,0,25,179727
StoneBr,8,1006,722,389,1916,3475,5,2,4,3,3,1,93,223834
NridgHt,7,1348,670,435,1927,2686,5,1,3,3,4,0,83,279509
BrDale,10,1454,1100,0,2002,10027,8,2,4,4,4,0,5,113602
Crawfor,7,948,1268,832,1990,6888,5,2,4,3,4,0,19,197940
Sawyer,5,3275,1715,279,1987,8464,5,2,3,4,3,0,22,243915
Somerst,7,2394,839,581,1874,7404,5,1,3,5,4,0,133,141903
NAmes,6,1738,838,454,1965,10838,6,2,3,4,3,1,41,164237
Blueste,8,1444,1562,743,1890,10997,5,2,4,5,3,1,116,114380
SawyerW,4,1307,1187,560,1997,8278,8,2,3,3,5,0,13,131339
Gilbert,5,1009,1614,422,1993,8533,9,1,4,4,4,1,13,225564
CollgCr,8,1446,1184,280,1890,8705,9,1,2,4,3,1,120,128897
Crawfor,6,1541,547,644,1923,16250,3,1,3,4,3,0,85,124012
BrkSide,8,911,470,70,2007,2974,8,2,2,4,3,0,0,116327
OldTown,6,1582,374,611,1973,5794,9,2,3,4,4,0,36,139137
MeadowV,7,1333,1348,236,1980,12489,8,2,4,4,4,0,30,141867
StoneBr,8,722,1579,742,1985,14100,7,2,3,3,3,1,21,351319
NPkVill,7,1041,1870,507,1926,10032,7,2,2,3,3,0,84,148047
BrkSide,6,1218,1427,611,1997,7390,5,1,2,3,3,1,13,100151
Timber,6,2726,1568,490,1989,20553,8,1,3,5,2,1,17,427558
NridgHt,3,1710,801,96,1939,8856,4,2,2,5,4,0,67,201677
SWISU,6,882,548,287,1964,8228,5,2,3,3,4,1,43,115922
SawyerW,7,1669,1431,617,1968,15770,9,2,4,3,3,0,41,136975
OldTown,9,819,1240,508,1911,10278,5,2,3,5,3,0,96,130828
StoneBr,9,2056,1104,726,1939,12963,5,2,3,3,3,1,68,250721
Sawyer,8,1194,1227,559,1871,13745,9,1,3,3,3,0,135,127299
Veenker,8,1362,1199,265,1978,6726,9,2,3,2,3,0,28,184296
Timber,7,2239,1621,301,1934,19611,5,3,2,3,3,1,75,303163
Timber,6,897,1626,495,1939,2365,8,2,4,4,3,1,71,134412
OldTown,9,863,1296,0,1938,3011,5,1,3,4,3,0,69,54111
NAmes,7,1147,1429,832,1990,5766,5,2,3,4,4,0,19,162526
NWAmes,7,2025,1283,567,1978,6557,5,1,2,5,3,0,29,256191
CollgCr,5,827,854,736,1929,9713,3,1,2,3,4,1,81,98243
Edwards,7,522,1389,133,1962,5740,5,2,4,3,4,0,45,89108
CollgCr,7,1202,443,740,1881,8054,4,1,3,4,4,1,127,167977
OldTown,9,1708,1520,952,1972,7313,8,2,3,4,1,1,37,144650
Blmngtn,7,2143,531,189,1981,22075,7,2,3,3,4,1,25,218475
CollgCr,6,1197,1182,638,1934,5418,8,2,4,3,3,1,73,180563
Gilbert,10,1219,685,473,1917,3492,7,2,4,3,5,1,92,165342
ClearCr,5,2108,1300,140,1957,14178,5,1,3,4,4,0,52,203138
SWISU,7,731,1042,578,1931,5670,8,2,3,3,3,0,76,77897
Gilbert,4,1229,355,652,1913,7740,8,3,4,4,3,1,93,130880
Somerst,8,1505,1242,343,2005,5865,5,2,4,3,4,1,1,266988
Edwards,9,1647,802,723,1924,11714,5,2,3,4,4,1,83,165725
CollgCr,6,1177,1444,114,1977,4075,7,3,2,3,4,0,32,255644
NWAmes,8,1425,1057,151,1916,1999,7,1,4,4,4,1,90,153246
BrkSide,6,589,1230,502,1871,15488,8,1,2,2,4,0,136,70764
Mitchel,9,1118,635,478,1982,9170,4,1,1,3,4,1,25,229316
NridgHt,8,1650,797,318,1880,13853,5,2,4,4,2,0,127,219860
BrkSide,8,998,855,647,2007,15231,7,2,3,4,3,1,2,123555
Mitchel,2,1437,1433,587,1981,5124,7,2,4,4,4,0,25,170082
Crawfor,10,1646,1795,657,1959,8352,3,2,3,4,3,1,50,234999
StoneBr,8,1249,702,446,1924,10432,5,2,4,3,4,0,84,289760
Sawyer,6,1494,1530,602,1886,7676,7,1,3,4,3,1,120,145546
Mitchel,8,1005,102,377,1937,6932,7,1,3,3,4,1,72,88759
NWAmes,6,1309,531,914,2002,7282,5,2,3,3,3,1,4,136187
Edwards,9,1743,635,298,1921,13929,5,1,0,4,3,1,87,147872
Sawyer,5,1487,461,925,2007,7118,7,2,3,4,3,0,3,162860
StoneBr,8,1146,360,480,1966,10939,9,1,3,4,3,0,41,173731
Crawfor,7,1523,1238,177,1917,9637,5,1,2,4,4,1,92,211252
Somerst,5,1808,962,767,1898,5003,5,2,3,5,3,0,110,219041
SWISU,6,687,1223,500,1896,9423,8,1,2,3,4,1,112,100704
NoRidge,2,2112,1360,655,1973,3754,5,2,2,5,3,1,33,367952
SawyerW,7,1251,1173,736,1929,9904,7,1,3,4,3,0,77,128809
Blueste,6,1634,1346,545,1975,12651,7,2,4,4,2,0,32,136612
Edwards,7,2141,1026,345,1938,14195,5,2,3,4,3,0,68,148940
Crawfor,6,871,534,682,1983,5032,7,2,3,4,3,0,26,133480
OldTown,6,1098,1522,473,1890,6197,7,2,4,4,3,1,119,119754
NridgHt,8,1272,797,620,1971,9339,7,1,3,3,4,1,38,338335
OldTown,4,1070,645,9,2000,6387,4,1,3,5,4,0,10,79358
StoneBr,9,2584,978,569,1964,3088,9,1,2,3,5,0,45,329513
CollgCr,8,1043,655,335,1974,6180,5,2,3,3,5,1,32,213627
Sawyer,7,1159,873,828,1994,9321,7,3,3,2,3,0,12,117819
StoneBr,7,1512,1208,606,1871,13818,8,1,3,3,4,0,138,201524
Somerst,9,924,1210,524,1935,18856,5,2,4,3,3,0,73,140713
NPkVill,6,1225,661,577,1982,8625,7,0,3,2,3,1,26,122023
NPkVill,4,1573,842,258,1911,10756,9,1,2,4,4,0,97,86256
Mitchel,6,1253,1529,822,1889,13100,5,2,4,4,4,0,118,185811
NAmes,8,1362,1275,901,1966,2906,5,1,3,3,4,1,44,234547
NWAmes,3,1169,1970,557,1937,4867,8,2,4,3,4,0,72,113699
Somerst,7,828,1576,814,1944,8529,5,2,3,5,3,1,63,204033
Crawfor,10,1575,1560,350,1994,17640,3,2,2,3,3,0,14,191614
Timber,8,2602,446,301,1916,11101,8,2,3,3,3,0,93,265371
BrkSide,7,1417,1393,481,1874,9555,7,2,3,2,5,0,133,89071
SawyerW,4,1523,1033,566,1918,7229,9,2,2,3,5,0,88,187402
CollgCr,8,1794,814,388,1993,10030,4,1,3,4,4,0,15,273528
Gilbert,7,903,1130,588,1906,6013,5,2,3,3,3,0,101,116207
Landmrk,5,2555,1472,538,1888,5486,5,1,3,4,3,0,118,121405
StoneBr,5,1511,1277,258,1909,5730,7,1,3,3,3,0,99,205561
SawyerW,9,2492,670,584,1886,15839,7,2,3,4,4,1,124,165061
Gilbert,7,1089,1383,658,1968,5323,5,2,2,4,3,1,40,231312
Mitchel,8,2660,776,509,1962,6638,4,1,3,3,3,1,48,242047
NoRidge,9,1846,1152,720,1911,10254,7,1,2,2,3,0,99,362300
Edwards,7,1708,923,211,1992,5218,6,1,1,3,5,1,18,95413
BrkSide,7,1528,960,573,1976,9073,5,1,3,4,3,0,33,150015
SawyerW,7,1290,1394,221,1941,9071,8,2,3,3,4,0,68,161768
NAmes,6,2143,599,233,1934,5929,5,1,3,4,3,0,76,153494
BrkSide,7,1479,1912,337,1978,7119,7,2,5,3,3,1,28,153351
NAmes,8,707,255,270,1922,5055,8,2,3,3,3,1,88,82954
StoneBr,7,952,794,355,2004,16177,6,2,3,1,4,1,3,368403
SawyerW,9,1319,1219,426,2002,9216,5,2,4,3,4,0,8,223935
SawyerW,7,1569,1314,652,1893,4796,5,1,4,3,3,1,116,159472
CollgCr,7,1380,1012,403,1897,8631,8,1,4,3,3,0,112,182199
NPkVill,7,2157,1031,132,1931,8829,5,2,2,4,4,0,76,147196
BrkSide,7,711,1237,718,1886,2639,7,1,3,3,4,0,121,63690
BrkSide,8,1480,955,293,1889,15838,9,2,4,4,3,0,119,138416
Blmngtn,6,745,1669,460,1872,4940,9,1,4,4,3,0,134,100870
NridgHt,7,1837,1426,569,1920,23042,6,1,3,4,4,1,86,411771
BrDale,5,1362,1441,515,2005,12059,7,1,1,5,4,0,1,182014
OldTown,6,1630,631,708,2010,4612,9,1,5,3,5,0,-1,102354
StoneBr,7,1040,1022,575,1872,6924,5,2,3,3,4,0,134,182000
BrkSide,7,2203,924,287,1942,12852,5,1,3,4,3,1,66,194403
Edwards,10,2027,614,941,1974,7194,5,2,3,4,4,0,34,141245
NWAmes,7,1727,1215,514,1987,14604,5,2,3,4,3,0,19,237904
SawyerW,8,1345,820,441,1903,6714,8,2,2,1,4,0,104,155803
CollgCr,7,1724,1345,680,2006,7790,7,2,3,4,4,1,2,265878
NoRidge,7,1099,586,526,1931,13030,8,2,5,5,3,0,76,225741
Crawfor,4,1899,1813,558,1989,10956,7,1,3,3,4,0,20,294832
Sawyer,6,2508,662,1008,1984,5101,7,2,3,5,4,0,24,156073
NoRidge,6,2048,1153,413,1882,10067,7,1,4,3,4,0,125,301150
Crawfor,7,1090,1405,404,1938,8810,3,2,3,3,3,0,68,180124
CollgCr,4,1597,805,498,1946,5136,8,2,3,3,3,1,63,212218
NWAmes,5,895,1432,703,1870,4043,5,2,3,4,4,1,140,91713
BrkSide,6,1720,516,149,1958,3085,6,1,2,4,5,1,52,177078
Crawfor,10,1648,1695,50,1916,6993,3,1,2,4,3,1,90,144591
Crawfor,6,731,1063,346,1873,7887,8,2,3,4,2,0,136,94663
NPkVill,7,937,794,121,1879,10428,8,2,4,2,3,1,130,66250
Blmngtn,6,1275,925,381,1897,12212,6,1,3,3,4,1,112,160556
Somerst,7,1267,1412,581,1990,6588,6,2,2,3,4,1,19,196782
Blmngtn,6,922,799,281,1995,7773,7,3,3,5,4,0,15,206879
StoneBr,6,1613,727,166,2003,5544,5,2,0,3,5,0,4,189489
Timber,7,1537,959,487,2009,8464,5,2,3,4,4,1,0,259459
Gilbert,1,1315,539,658,1931,13151,7,1,2,3,3,1,76,166188
CollgCr,1,1080,1858,108,1936,8523,5,3,4,3,4,0,73,93358
BrkSide,6,2032,807,649,1943,14496,5,1,2,3,4,1,65,185243
CollgCr,3,2513,1422,648,1964,13041,5,1,0,3,5,1,44,266313
SawyerW,5,1188,1149,678,1905,16795,5,2,3,5,3,0,103,101306
Mitchel,6,1136,623,734,1981,8643,5,1,2,4,3,0,28,158915
NoRidge,8,1672,1054,946,2000,6209,5,2,3,5,3,0,7,560723
NAmes,7,1242,1401,396,1982,11054,5,1,4,4,4,0,28,158680
Timber,7,1341,974,496,1979,6724,5,2,2,4,3,1,27,207619
MeadowV,6,1824,1581,383,1983,10882,7,2,3,4,4,0,27,161874
StoneBr,9,721,1506,473,1936,5817,9,2,5,4,4,1,73,210584
CollgCr,6,2233,1461,802,1995,5355,5,1,3,4,3,1,13,198838
NridgHt,5,1444,854,183,1955,14886,8,2,4,3,4,0,53,210833
BrDale,7,1219,581,287,1888,4883,5,2,2,4,4,0,119,74612
Gilbert,5,1364,787,769,1938,13509,7,1,2,4,4,1,71,156020
SawyerW,6,1389,1143,692,1879,10861,6,2,2,2,3,0,131,73287
NridgHt,7,768,1297,394,2010,8494,6,2,3,4,3,1,-1,270185
SWISU,9,2376,101,656,1997,3145,7,2,3,4,3,0,12,134216
Veenker,7,1428,1053,546,1968,17031,5,1,2,4,3,0,40,269683
Edwards,8,1644,1126,795,1901,5077,5,1,3,4,4,0,109,183550
Veenker,10,1964,934,489,1981,13050,8,1,3,3,5,0,25,206723
Timber,5,984,1625,693,1893,5736,5,1,4,4,4,0,115,214259
NoRidge,6,1661,1242,1041,1904,5510,5,1,0,3,3,1,106,253296
Gilbert,6,1282,1633,601,1952,11319,2,2,2,5,3,0,55,231442
SawyerW,7,1893,961,483,1939,10606,5,1,3,5,5,1,69,258213
NridgHt,6,668,1469,628,1978,4570,6,1,2,5,4,1,29,167397
Sawyer,9,1360,1776,394,1968,16620,6,2,3,3,3,1,40,144218
Blmngtn,8,1140,1634,986,1902,7309,5,3,3,3,3,0,107,228864
NWAmes,7,1638,576,511,1925,8387,4,1,4,5,4,1,85,133844
Blmngtn,6,1659,945,414,1881,6984,7,2,3,4,3,0,126,159855
CollgCr,8,1099,905,293,1880,4668,7,2,3,5,3,0,128,118330
NWAmes,10,1097,1272,708,1939,11703,9,2,4,4,3,1,68,154828
StoneBr,8,1354,1358,659,2009,9365,8,2,5,4,3,0,-1,334516
Timber,1,1028,687,366,1910,5417,8,3,3,3,3,1,98,186958
Edwards,7,1890,1086,596,1975,12991,7,1,3,4,3,1,31,211665
Landmrk,4,1237,168,148,1872,8328,7,2,3,4,1,0,134,45151
CollgCr,6,509,1691,512,1872,8418,5,2,3,3,4,0,134,98287
Somerst,4,1234,831,570,1953,19697,7,1,5,3,4,1,54,110907
Mitchel,7,978,1081,840,1976,3626,4,1,3,4,3,0,33,96570
CollgCr,8,795,920,307,2003,3602,8,2,3,4,5,1,5,189797
NoRidge,5,913,1561,198,1889,4031,5,2,2,3,3,0,121,186462
StoneBr,6,1463,0,280,2008,9718,7,1,2,3,2,0,-2,163042
NAmes,7,2241,1049,185,1965,6771,4,1,2,3,3,0,42,199811
NAmes,6,1571,1010,760,1993,7046,6,2,2,3,4,0,14,186618
NoRidge,5,1138,857,805,1890,5058,5,1,3,5,3,0,117,186330
Somerst,6,1651,1816,541,1983,18631,5,2,2,4,3,0,27,277396
Somerst,8,1199,666,735,1882,22037,5,1,3,4,4,0,128,125097
NAmes,4,1104,1396,501,1955,12701,1,1,2,4,3,1,51,114917
NoRidge,5,940,1213,452,1904,3813,5,1,2,3,4,1,106,141829
NridgHt,6,762,1612,401,1916,6352,5,1,3,4,4,0,90,166431
Sawyer,9,1228,763,406,1994,12255,8,1,4,5,5,1,16,158652
Timber,7,1488,734,140,1979,7919,5,2,3,4,3,1,31,183691
NAmes,7,1361,1539,529,1906,12722,5,2,3,4,2,0,104,121982
Somerst,6,1217,1244,464,1890,15122,9,1,3,4,5,0,116,173094
NridgHt,7,1011,377,633,1883,21027,6,2,3,5,4,0,125,240724
Somerst,2,1742,819,493,1960,5840,5,2,3,3,4,0,46,186233
NPkVill,7,888,1227,438,1929,8439,5,2,2,3,3,0,79,102172
Edwards,9,1847,1425,285,1993,6500,7,1,3,5,3,0,14,225142
OldTown,7,991,758,488,1892,2979,5,2,3,5,3,0,115,105004
CollgCr,9,1082,0,631,1980,11507,5,3,3,4,3,1,26,94645
NAmes,8,842,1287,227,1993,10739,7,2,3,3,3,0,15,139986
Veenker,5,1181,520,491,1899,6164,4,1,4,3,3,1,109,201774
ClearCr,9,1981,169,523,1984,3644,8,2,3,4,4,1,24,242406
Edwards,4,1686,0,318,1959,6687,5,1,2,5,1,0,48,48475
NoRidge,7,1983,1415,346,1907,11679,7,1,3,3,3,1,99,236913
NridgHt,5,1690,1113,522,1952,15814,7,2,3,4,3,0,57,324502
Veenker,2,956,957,229,1896,5674,5,2,2,5,3,1,112,90433
NoRidge,7,1254,1668,548,1973,14098,8,1,3,3,3,0,35,387387
Timber,6,1071,1337,280,1985,11061,9,2,4,4,3,0,24,133756
SawyerW,7,2243,1768,701,1884,9962,5,1,3,3,3,1,122,244424
CollgCr,7,926,444,975,1872,4243,8,1,3,4,4,1,136,146169
Edwards,4,1925,1041,287,1879,4337,1,3,2,5,3,0,127,101108
OldTown,5,1924,345,587,1989,5348,8,2,3,3,4,1,19,126689
Crawfor,7,2671,956,316,1997,6882,5,2,1,4,4,1,13,386155
Somerst,6,1220,947,696,1880,19937,5,2,4,5,4,0,128,239398
CollgCr,8,1806,1332,200,2002,5818,5,2,3,5,3,0,8,222342
SawyerW,7,3129,1077,576,1938,11915,5,1,4,4,3,0,68,274102
Somerst,8,1134,1331,285,1933,6422,5,1,2,4,4,0,75,233547
Mitchel,8,822,1366,428,1883,10263,8,2,4,3,5,1,124,135906
CollgCr,7,729,2005,251,1919,7851,8,2,4,3,5,1,88,137010
NWAmes,7,1807,918,649,1941,8852,5,2,3,4,3,1,68,178389
Blmngtn,6,728,642,293,1938,9747,5,1,4,3,4,1,69,120598
ClearCr,6,1236,1165,591,2004,7152,8,1,2,4,4,0,6,137355
Landmrk,8,1640,703,399,1996,9771,5,2,3,4,4,0,11,215495
Blueste,7,1502,1709,448,1885,15017,5,1,3,4,3,1,122,94789
StoneBr,8,1634,932,504,1947,5557,6,1,3,4,3,1,60,241620
Edwards,8,1522,808,309,1970,14660,5,1,4,3,3,0,38,133686
Gilbert,8,2203,849,518,1925,7096,5,1,2,4,3,0,84,166338
Edwards,9,1008,1373,802,1974,6731,7,2,2,4,4,1,32,125683
Sawyer,7,1111,987,305,2001,11496,7,2,3,3,5,0,8,205044
CollgCr,6,1074,774,724,1917,6832,4,1,4,2,4,0,93,198956
NoRidge,7,1882,1789,795,1886,9505,8,1,4,4,3,1,122,412146
Somerst,6,1929,680,297,1980,9071,6,2,3,3,4,1,28,271661
NWAmes,7,1649,1072,160,1939,2859,5,1,3,4,3,1,68,292278
Mitchel,8,2130,1344,537,1949,9984,5,2,3,5,4,1,58,224384
Somerst,8,932,339,355,1962,3942,5,2,3,4,4,0,48,149093
StoneBr,6,2523,1268,874,1907,4095,5,2,2,4,3,1,101,307256
OldTown,5,2399,592,480,1970,9732,5,2,3,3,3,0,36,214443
BrDale,7,1821,1419,300,1931,10596,5,1,3,4,3,1,78,141482
NWAmes,5,2627,633,226,1990,14802,5,2,3,4,3,0,18,304736
Timber,9,788,1361,707,1917,4699,7,1,1,3,4,1,89,187735
Somerst,6,1171,1543,350,1879,5593,7,0,4,4,3,1,127,108936
NoRidge,5,1088,1436,482,1905,10220,6,1,4,4,3,0,104,173065
BrkSide,3,1812,1167,678,1873,14945,7,1,3,1,3,1,133,115146
NridgHt,7,975,955,368,1913,8920,8,1,4,5,4,0,97,187051
SawyerW,7,1835,803,463,1925,5223,7,1,3,4,3,0,81,176797
Somerst,6,2274,1704,469,1911,17209,5,2,3,4,3,0,99,238091
NWAmes,4,1796,749,619,1983,7106,5,3,3,3,4,1,23,273587
NAmes,6,1555,600,600,2010,7218,8,1,4,4,3,1,-3,225030
OldTown,6,996,1349,425,1890,3952,5,2,3,4,3,0,116,115285
Veenker,7,1046,706,486,1948,11638,5,1,3,4,4,0,62,187622
NoRidge,7,2180,638,393,1938,12410,6,2,3,4,3,1,68,256255
StoneBr,6,1849,421,155,1939,5693,7,1,3,4,4,0,67,240002
BrkSide,6,1389,844,528,1936,19450,7,2,4,3,4,1,70,194411
Edwards,10,1216,1020,879,1917,6041,5,1,3,4,4,1,93,167002
SawyerW,7,692,1163,283,1905,11077,5,2,4,3,3,1,101,91743
SawyerW,8,967,1475,306,1896,9061,9,1,3,2,4,0,113,111890
NAmes,5,2749,1288,285,1941,2943,4,1,4,3,4,0,68,252245
Timber,7,899,973,628,1970,10635,4,1,4,5,3,1,40,183115
BrkSide,3,1504,969,569,1965,10168,5,1,2,5,3,0,42,117855
CollgCr,7,2003,1281,438,1997,3350,7,2,4,3,3,0,12,190639
CollgCr,10,907,1616,275,1895,17372,7,2,3,3,4,0,113,141412
NWAmes,6,1502,1112,492,1935,10189,8,1,5,3,5,1,74,189325
NoRidge,3,1955,850,136,2009,15058,5,3,3,4,4,1,-1,270859
Timber,3,1414,620,503,1891,3435,5,2,2,4,3,0,119,143703
NPkVill,6,3842,421,660,1886,6599,5,3,3,4,3,1,121,140731
NridgHt,5,785,1350,203,1876,14622,8,1,3,4,4,0,132,130216
SawyerW,3,2039,1311,143,1976,3699,5,2,4,4,5,1,32,287925
Somerst,8,1325,1311,812,1937,6697,3,1,3,3,3,0,72,200183
CollgCr,7,1844,1000,341,1997,9929,7,2,3,3,3,1,11,249030
ClearCr,6,1643,1676,717,1906,3142,5,2,3,2,3,1,104,149621
CollgCr,9,1089,843,439,1907,4185,6,2,3,4,3,0,103,156928
NAmes,5,1525,1477,438,1965,16172,8,2,2,5,4,1,45,166218
ClearCr,10,734,1039,567,2008,8349,5,1,2,3,5,0,1,264265
SawyerW,6,1739,789,282,1870,14593,5,3,3,3,3,1,137,161063
Gilbert,9,1562,1317,501,1911,8875,5,3,2,5,3,1,98,257708
NAmes,7,1760,1237,390,1932,27665,5,3,2,3,3,1,78,166580
BrkSide,8,2039,1214,189,1950,10090,5,3,2,3,4,0,59,241649
NPkVill,10,1601,1092,545,1877,15289,7,2,4,4,3,1,133,189867
Veenker,6,1483,1040,416,1896,7164,5,3,3,4,3,0,110,128032
NoRidge,10,1034,2107,439,1921,9003,8,2,3,4,3,1,85,396922
Somerst,6,1097,1578,212,1960,11169,5,2,2,4,3,1,48,179386
SawyerW,6,2133,1375,815,1955,12135,5,2,3,4,4,1,52,289700
NoRidge,6,2327,1106,661,1885,7946,5,2,3,2,3,1,121,209596
Gilbert,7,1295,1500,680,1935,8114,7,2,2,4,3,0,75,171734
SawyerW,5,1430,1284,407,1874,10414,5,2,3,4,4,1,135,154590
Crawfor,7,1025,1068,101,1951,10411,7,1,3,5,3,0,58,161647
Sawyer,7,2122,923,892,2000,4853,7,2,3,5,3,0,8,214671
NridgHt,8,1777,1021,459,1987,9067,8,3,3,3,5,1,22,208537
NridgHt,8,2777,0,312,1950,9512,7,1,3,4,4,0,56,140435
NPkVill,7,1035,1149,562,1939,4973,4,1,2,3,4,0,70,107314
Gilbert,6,1233,842,723,1984,12745,8,1,3,3,4,0,22,117295
NAmes,6,1526,1757,468,1876,9960,8,2,4,4,5,0,130,122507
Blmngtn,6,1765,1065,747,1919,25986,9,1,3,4,3,0,88,272357
Somerst,4,1305,533,705,1980,7998,5,2,3,4,3,0,28,228008
OldTown,6,1037,1035,241,1916,14300,7,3,4,4,3,1,94,84816
Sawyer,6,1916,596,328,1981,10610,5,2,3,4,3,1,25,144502
NAmes,10,1812,1265,678,1912,21178,5,1,3,4,3,1,96,174997
Somerst,7,1021,1185,0,1960,4989,7,2,3,4,5,0,50,140552
SawyerW,6,2262,1478,440,1898,6325,9,2,3,3,4,1,111,195652
CollgCr,7,2120,709,165,1997,5075,7,1,4,4,3,0,11,193405
NridgHt,5,1475,1071,370,2002,7793,8,2,3,5,3,0,6,257856
BrkSide,7,1447,456,408,1965,4617,1,2,2,3,3,1,43,156689
StoneBr,7,1709,1365,395,1986,3778,3,2,3,4,4,0,23,457003
MeadowV,7,1041,1285,354,1939,2788,7,2,4,5,3,1,70,88657
Blmngtn,6,1422,1275,237,1999,2700,5,1,2,4,4,1,9,198776
Timber,10,662,1057,965,1939,11250,8,1,4,4,4,0,68,199948
NWAmes,9,1913,1239,874,1979,6452,5,1,3,3,3,0,27,239016
Edwards,7,815,1762,223,2001,4372,5,2,4,4,4,0,8,166464
NPkVill,7,2383,931,813,1925,5828,6,2,3,4,3,0,82,183240
Sawyer,7,1254,1118,387,1958,6223,5,1,3,3,4,1,51,217532
NAmes,6,1307,579,500,2006,5002,8,1,3,4,3,1,2,215931
NAmes,6,1130,674,459,2000,18083,5,3,4,3,3,0,7,125290
OldTown,3,1273,1100,331,1969,16455,5,2,3,4,5,0,41,123075
Somerst,7,2313,1542,684,1998,17930,8,1,3,5,4,1,8,282118
Gilbert,7,589,944,500,1926,8862,5,2,2,4,3,0,80,102092
Somerst,6,2201,953,370,1920,9322,7,2,2,4,3,0,89,253822
BrDale,10,1584,877,192,1981,5847,5,1,4,4,2,0,25,145521
Landmrk,9,922,821,280,1973,5305,5,1,2,3,4,1,37,186031
NoRidge,8,966,1186,120,1996,8191,9,1,4,5,3,0,11,203315
NAmes,7,2531,398,475,1924,11228,8,1,3,3,4,0,83,168832
BrkSide,9,1011,1620,215,1870,14733,5,2,5,3,3,1,138,86455
Timber,5,940,764,415,1959,6167,7,1,2,4,3,1,48,156292
SawyerW,8,2096,1374,767,1922,4331,8,1,2,4,4,0,87,219158
BrkSide,5,1585,498,730,1942,11695,5,2,2,3,3,0,68,96588
NoRidge,8,1014,1351,466,1977,3264,4,1,4,3,4,0,31,340294
NAmes,6,1519,1352,454,1877,7945,6,2,3,4,4,0,132,195907
ClearCr,9,983,1226,877,1911,8473,5,1,0,3,3,0,98,100103
BrkSide,9,2069,619,584,1894,6704,5,2,4,3,4,0,115,189230
BrDale,5,2041,1166,402,1907,3742,8,3,4,3,1,0,99,171583
Landmrk,7,1696,536,166,1954,6749,1,1,4,3,3,0,55,119158
Gilbert,10,1598,945,557,1893,18421,7,2,2,4,3,1,113,165100
Edwards,7,2608,1509,651,1929,10892,6,1,3,4,4,0,78,167426
OldTown,9,1407,1407,337,1980,14484,6,2,4,4,3,0,26,162612
Crawfor,7,931,1063,535,1935,4408,7,2,3,3,3,0,74,161954
OldTown,6,1647,628,394,1922,9208,5,1,2,3,3,0,88,107307
NoRidge,6,2922,1341,433,1975,8469,5,2,2,2,1,1,35,346892
SawyerW,6,987,1065,0,1965,8551,5,1,5,3,3,0,42,69015
Somerst,8,1240,36,425,1908,10699,7,3,2,2,3,1,101,100631
StoneBr,6,1629,1401,681,1911,8722,5,1,3,3,3,0,95,218694
NridgHt,7,1381,1046,337,1980,4470,3,2,3,3,3,1,30,271482
NAmes,7,998,1586,484,1973,11010,9,1,4,4,3,0,35,111989
Crawfor,7,2085,575,310,1946,12338,9,2,3,3,4,0,63,186548
NPkVill,9,3171,0,550,1877,15673,5,3,3,3,4,0,132,82597
NridgHt,10,1508,1179,426,1895,16023,3,2,3,3,3,0,113,272064
Crawfor,6,1026,1185,271,2009,10282,7,1,4,3,4,0,1,245130
NWAmes,8,818,313,759,1912,4576,8,2,3,4,2,0,96,108899
Sawyer,8,1541,626,672,1979,3771,5,1,4,3,3,1,28,127875
Crawfor,7,2072,2269,342,1969,7233,5,2,3,3,4,0,37,264517
Mitchel,10,1662,922,580,1932,12832,7,1,3,3,4,0,74,166890
Edwards,6,1406,1378,588,1918,12425,8,1,3,3,5,0,92,108391
Mitchel,5,1145,770,611,1984,9292,7,2,2,4,5,1,24,150363
Somerst,8,960,137,108,2006,7956,5,1,3,5,3,0,3,137747
NoRidge,7,1885,982,689,1934,20991,5,2,2,2,5,0,75,236218
Edwards,8,1938,940,350,1940,10796,7,1,5,4,5,0,69,149421
NoRidge,9,819,881,396,1876,7757,5,1,5,3,3,1,131,200130
Edwards,4,2456,1006,1040,1949,5868,5,2,2,3,5,1,58,170227
NWAmes,9,1721,1173,537,1936,4893,5,1,2,2,2,0,73,148214
BrkSide,7,2298,990,389,2007,4658,6,1,3,4,4,0,3,163091
Sawyer,7,880,500,0,1970,4893,6,1,5,3,3,0,37,70034
BrDale,7,873,1270,771,1964,9325,7,2,3,5,3,0,43,86684
CollgCr,9,1336,199,183,1956,8030,7,2,3,4,4,0,50,132367
Blueste,2,1679,154,257,1960,6884,8,1,3,3,3,0,46,84540
CollgCr,7,2640,1382,401,1972,11710,8,1,2,4,4,0,38,222766
Gilbert,8,1802,1280,777,1995,20022,5,2,3,5,4,0,12,279523
Mitchel,8,1293,1031,639,1982,5368,5,3,3,4,3,0,25,176044
Edwards,8,983,443,439,1873,5784,6,1,3,4,3,0,135,119932
BrDale,5,2165,745,539,1957,2674,2,2,2,3,4,0,53,95586
Blueste,6,1004,941,343,1872,7997,8,1,3,3,4,0,138,118889
CollgCr,6,2489,354,503,1960,7602,3,1,4,3,4,1,48,221527
CollgCr,8,1274,731,488,1872,12662,5,1,3,4,4,1,136,207558
NPkVill,6,2457,1344,681,1950,7758,6,2,3,5,3,0,56,285460
Somerst,6,1785,1685,680,2007,6038,6,1,2,4,3,0,3,252592
NridgHt,10,1342,872,579,1963,8922,7,2,3,4,3,0,47,227988
CollgCr,1,1174,1389,395,1995,10705,6,2,2,3,5,0,13,146527
ClearCr,10,1249,214,632,1982,3608,5,1,3,4,4,1,27,135741
ClearCr,7,1635,1347,453,1969,13405,5,2,3,4,3,0,40,261549
Somerst,8,1446,703,240,1922,15570,8,1,3,4,3,1,84,191215
NoRidge,6,1143,1192,386,1956,10654,5,2,2,4,3,0,53,211695
NoRidge,2,1328,947,491,1958,5078,5,1,3,4,4,1,51,200966
BrDale,8,1447,1637,668,1923,6884,5,1,3,4,3,1,86,99680
CollgCr,8,668,672,433,1889,14638,5,1,3,5,4,1,118,119603
CollgCr,8,1653,1333,213,1982,4968,6,1,2,4,3,0,24,180955
NAmes,5,999,934,485,1918,11095,7,1,3,3,3,1,90,108042
Veenker,8,940,987,497,2004,7899,7,1,3,4,4,0,5,242796
Landmrk,8,780,976,512,1898,8778,7,3,3,3,3,1,109,99662
Sawyer,7,751,684,670,1917,5335,5,1,4,4,5,1,92,116954
NridgHt,8,876,1050,692,1882,9559,5,1,3,3,3,0,125,171434
CollgCr,8,1098,1029,345,1872,9223,3,3,2,5,3,1,134,158775
Edwards,7,2789,1163,340,1871,3809,2,2,3,4,3,1,138,153432
Landmrk,5,1171,1094,249,1885,8085,5,2,4,3,4,1,122,87069
Gilbert,7,1498,1408,623,1963,11014,5,1,3,3,4,0,47,157707
Mitchel,4,1619,1463,784,1971,6683,7,2,4,4,3,1,39,134461
Timber,6,1474,594,405,2003,2383,7,1,4,4,3,1,4,252233
BrDale,6,1370,1439,421,1914,7651,8,2,3,3,4,1,95,112156
Somerst,4,926,535,788,1940,16869,7,3,3,3,3,1,69,115587
Landmrk,6,2339,1315,581,2002,6821,3,2,3,4,3,0,4,242775
Mitchel,5,2650,1329,566,1925,16553,5,1,3,4,3,0,81,314519
SawyerW,8,781,216,216,1996,5398,5,2,3,3,4,0,12,178472
NWAmes,9,983,1097,618,1901,4534,5,2,3,4,3,0,105,137490
Somerst,4,1276,850,273,1918,8082,5,2,3,5,3,1,91,137075
Timber,10,1004,723,229,1882,5370,4,2,2,3,3,0,126,186046
Somerst,7,1680,1651,398,1894,9556,6,2,4,4,3,0,112,227145
Timber,6,1091,769,347,1929,6725,7,2,3,3,3,0,78,125200
Sawyer,4,3004,702,425,1928,16931,7,3,4,3,4,0,82,147096
CollgCr,7,2136,1090,163,1927,6497,5,2,3,3,3,0,79,216363
NoRidge,8,1516,1358,679,1889,8474,6,1,2,4,3,0,117,218230
MeadowV,8,2017,994,715,2002,10917,6,2,2,4,3,0,5,152352
Edwards,4,2073,1570,54,1926,13071,7,1,4,4,4,1,83,107171
BrkSide,4,1155,1290,683,1923,16980,3,2,2,3,3,1,84,91824
BrDale,6,1058,98,298,1981,7205,7,1,4,2,5,0,25,53652
Timber,6,1447,824,657,1955,6636,7,2,3,4,3,0,54,251030
CollgCr,6,1903,809,458,1906,3112,5,2,4,3,3,0,102,140544
SWISU,6,1478,1267,479,1953,22490,3,1,4,3,3,0,53,156668
NAmes,8,810,0,433,1917,9705,5,2,4,4,4,1,90,54998
StoneBr,9,1063,2178,733,1987,11800,6,2,2,5,4,0,21,271642
OldTown,6,1372,1290,206,1917,10698,7,1,3,3,3,0,93,75079
Somerst,9,1371,1122,603,1981,8306,5,2,2,4,3,0,27,256271
Somerst,6,2808,1576,709,1979,9654,5,2,2,2,3,1,28,268824
NWAmes,7,866,2088,627,1875,6125,8,1,3,4,3,0,133,136966
SawyerW,6,1680,1440,972,1947,6967,5,2,4,4,3,0,60,229352
SawyerW,7,2371,1474,359,1892,5038,5,2,1,4,3,0,114,118431
NridgHt,10,3118,1114,678,1995,17652,5,2,4,4,4,0,14,512215
Edwards,7,1222,994,450,1953,10729,7,2,2,3,3,1,57,158844
Somerst,6,1672,847,738,1882,21765,7,2,3,3,3,0,127,226914
StoneBr,7,1718,693,471,1916,25544,5,2,2,3,3,1,93,157805
Edwards,5,1507,754,389,1913,4015,9,2,4,4,1,0,96,132258
MeadowV,9,1360,462,753,1974,13261,7,2,2,4,3,0,33,106581
Edwards,7,1640,1023,367,1883,4109,4,1,4,4,3,0,124,138742
Sawyer,7,580,315,169,1990,8854,7,1,3,4,3,1,20,79843
NAmes,7,1787,1141,361,1905,9484,3,2,4,3,4,0,102,179663
NWAmes,7,1471,1041,606,1877,4257,7,2,3,4,3,0,130,134446
NridgHt,4,1302,1121,772,1885,5604,5,1,3,3,3,0,122,133921
CollgCr,8,2882,827,496,1960,9702,7,1,3,3,4,1,47,242232
CollgCr,6,1111,2410,756,1989,8849,5,2,4,4,3,1,17,237369
Somerst,8,1222,1655,180,1929,4869,8,1,3,4,4,1,81,175937
NPkVill,8,2827,509,377,1879,5715,5,1,4,3,3,0,128,124382
Gilbert,8,1052,1159,410,1900,3844,7,1,2,4,4,0,110,109078
NridgHt,7,1161,789,448,1890,4440,5,2,3,4,4,0,118,169105
Somerst,7,1337,610,491,1950,6729,8,2,3,3,4,0,56,155853
NAmes,5,1889,467,621,1902,13276,7,1,2,4,4,1,105,158439
NridgHt,8,1514,1247,377,1900,14145,5,1,3,3,3,1,106,225468
Edwards,6,895,757,502,1905,20266,8,2,4,3,4,1,101,86226
Gilbert,7,1168,1482,463,2001,10017,5,2,5,3,3,0,7,182630
Gilbert,6,1138,1494,273,1937,8902,7,2,3,3,4,1,73,166495
SawyerW,5,1370,1661,448,1959,10379,7,1,4,4,3,1,47,194262
OldTown,7,1634,681,442,2001,10329,3,2,3,4,4,0,8,152799
Crawfor,4,1630,1266,437,1878,3611,9,2,3,3,4,0,130,134745
NAmes,8,756,1335,479,1899,20835,5,1,2,3,4,0,110,127541
SawyerW,6,2043,848,489,1984,3085,5,2,3,3,3,0,24,170913
Somerst,1,1538,717,380,1914,14391,8,1,2,4,4,1,95,123146
Edwards,7,2286,1765,746,1873,8334,7,1,3,3,3,0,136,166281
Sawyer,4,1644,1157,221,1938,4699,4,1,3,4,3,0,68,110674
NAmes,6,2070,1336,317,1892,10569,5,2,4,4,3,0,114,160771
Edwards,8,1657,695,1070,1885,7638,7,1,3,4,4,0,123,95254
Edwards,4,2255,520,249,1891,5760,4,1,4,5,4,0,119,130584
NAmes,8,1690,806,181,1941,4061,8,1,4,3,4,1,65,154753
OldTown,1,1360,1002,630,1917,3894,7,1,2,5,3,0,89,109238
NAmes,6,3119,588,26,1976,5970,5,1,3,3,4,1,31,225788
NAmes,8,1922,1052,422,2002,6677,5,1,3,3,3,1,4,204975
Mitchel,6,1721,314,934,1876,4423,6,1,4,4,3,0,134,89177
SWISU,5,900,564,140,1920,8260,5,2,5,4,3,1,87,83076
StoneBr,6,897,1352,46,1934,4750,7,2,4,4,4,0,75,218942
Edwards,6,1560,1322,150,1878,9702,9,2,3,3,3,1,131,105704
Edwards,8,1481,884,666,1951,14998,7,1,4,5,3,1,56,126635
NoRidge,6,1135,609,714,1914,9364,5,2,3,3,4,0,93,196320
OldTown,8,1479,604,362,1991,7731,5,1,3,2,3,0,16,162910
StoneBr,9,2455,892,619,1879,6201,7,1,3,3,4,1,129,290491
Crawfor,7,1796,1340,771,1942,16698,7,2,4,4,3,0,68,214791
SWISU,9,944,1465,857,1917,7355,7,2,5,4,2,0,93,116132
Timber,6,1354,838,420,1956,28144,3,2,3,4,5,1,53,191173
OldTown,10,1062,549,0,1980,4484,8,1,4,3,3,1,29,92184
OldTown,5,1229,1174,296,1885,9367,5,2,4,3,4,0,124,106751
Gilbert,8,1218,694,381,1922,16421,7,1,3,3,3,0,84,139805
NoRidge,7,1191,828,417,1909,5738,7,2,3,4,3,0,100,194074
ClearCr,6,907,1640,432,1969,7200,7,1,3,4,4,0,38,206137
Mitchel,7,1346,1420,713,1889,11081,5,1,3,4,3,0,120,131030
BrDale,8,1157,1126,747,1938,9837,7,2,3,5,4,1,69,130960
Mitchel,1,505,497,436,1914,10719,3,3,3,3,3,0,94,67874
Somerst,5,2888,1150,709,1875,14474,7,2,4,3,3,0,131,155660
Mitchel,8,2061,1524,549,1908,6813,4,2,2,4,4,1,98,209496
NWAmes,7,1234,891,486,1971,16622,5,2,3,4,1,0,39,88675
Sawyer,10,1417,1651,667,1999,3428,5,2,3,4,3,0,9,210869
NridgHt,8,934,1625,488,1976,13887,8,2,3,5,4,1,31,331165
Blueste,10,2549,1789,915,1908,14380,6,2,5,4,4,1,100,256672
NWAmes,8,2735,1191,163,1987,5501,7,1,3,2,3,1,19,290118
MeadowV,6,1487,1315,362,1951,3923,7,1,3,3,4,1,56,129820
Crawfor,5,2014,1679,445,1923,7214,8,3,4,4,5,0,85,186354
Mitchel,8,1497,1253,567,1979,9915,5,3,2,4,3,1,27,147459
BrkSide,7,881,836,745,1881,6853,7,1,4,3,4,0,126,89989
NridgHt,4,1219,859,467,1979,10414,6,1,3,3,3,0,28,244535
BrkSide,6,1474,1161,167,1907,21351,3,3,1,4,4,0,99,74503
NAmes,10,1200,489,654,1876,4095,5,2,4,4,4,0,131,146258
NridgHt,7,1304,993,635,1947,3050,5,2,1,3,4,0,59,263110
ClearCr,7,1363,1539,55,1934,7827,4,1,3,4,5,0,75,158055
NAmes,7,1368,92,472,1971,5767,5,2,2,3,3,0,38,132392
NridgHt,6,1434,1732,131,1970,6373,3,1,2,5,3,0,37,255280
SawyerW,6,971,1550,330,1913,15267,6,1,4,3,3,1,94,113949
Crawfor,6,1095,854,278,1900,7628,5,1,4,4,3,1,106,101644
Mitchel,4,898,1296,646,1946,7986,5,2,2,4,4,0,61,136144
NoRidge,8,1982,1058,498,1917,6513,8,2,3,2,4,0,93,217743
Edwards,6,673,1598,196,1951,7947,6,2,4,4,3,0,58,79637
BrDale,8,2108,1489,662,1996,9267,5,1,4,3,3,0,11,190439
MeadowV,8,2287,440,164,1953,32607,7,2,3,4,4,1,54,133973
SWISU,6,1266,1315,543,1879,9319,5,2,4,4,3,0,129,171127
StoneBr,7,566,966,297,1898,14491,4,2,3,2,3,0,109,146976
SWISU,7,1240,1093,394,1917,8894,3,3,3,3,4,0,93,151803
NoRidge,9,1376,736,581,1985,2939,9,1,5,4,3,1,24,399460
NoRidge,6,988,1826,585,1882,6102,7,2,2,3,5,0,126,191250
Crawfor,7,1175,1514,760,1916,9315,7,2,2,4,3,1,90,158034
Gilbert,7,2405,731,455,1972,11634,9,2,3,3,4,0,34,175542
Sawyer,6,1777,469,538,1960,9001,8,2,2,5,4,1,49,116493
NAmes,5,1018,887,378,1922,12838,7,1,3,4,3,1,84,145985
Blmngtn,7,804,1248,512,1961,3904,7,2,4,4,3,0,49,129452
Somerst,8,1255,1162,567,1946,8303,5,2,3,3,3,1,61,247346
BrDale,6,1306,1608,451,1913,15740,5,1,3,2,3,1,96,67584
CollgCr,7,1675,1404,85,1871,4985,6,2,3,3,3,1,137,135170
Blmngtn,6,1167,1483,544,1970,14190,6,1,2,3,4,1,37,237054
Timber,8,1684,1200,551,1926,13828,9,1,3,4,4,0,80,265850
Sawyer,6,2771,445,326,1926,4365,5,2,3,4,4,0,80,171166
NAmes,9,1873,970,196,1903,9594,7,2,2,3,3,1,105,138634
Somerst,6,1384,1523,790,1927,8772,6,1,5,4,4,0,83,164432
NridgHt,6,1320,1034,578,1904,7419,5,1,3,3,3,1,104,210862
NAmes,4,1242,1278,423,1944,3776,7,1,4,3,4,0,65,99752
NAmes,5,2128,916,228,1902,7104,6,1,2,4,4,0,106,140723
Somerst,7,1130,603,296,1984,7493,5,0,4,4,4,1,22,242086
MeadowV,6,1430,1002,753,1944,3466,6,1,3,4,4,1,66,92628
StoneBr,8,1433,1192,502,1942,4219,5,1,4,3,3,0,68,298636
Blmngtn,2,1181,768,354,1947,5097,5,2,3,3,3,0,61,145282
Landmrk,6,870,953,582,1878,4797,7,2,5,3,4,1,131,75342
CollgCr,6,1576,643,297,1917,9538,5,2,3,4,3,1,89,158611
Mitchel,2,1378,1549,795,1936,12781,5,2,4,4,3,1,71,122713
CollgCr,5,1677,927,763,1988,6937,4,1,4,3,4,0,22,192292
Somerst,6,1168,1696,372,2002,11886,5,2,3,4,4,0,6,267330
BrDale,7,2158,1729,337,1988,13046,5,2,3,4,3,1,21,193085
CollgCr,6,1036,1021,0,1955,7764,5,2,3,4,3,0,54,103703
Edwards,7,2563,613,154,1975,9937,7,1,4,2,1,0,31,167405
Somerst,7,763,139,185,1945,7246,8,1,3,2,4,0,65,109819
Veenker,1,1639,409,502,1909,4622,5,2,3,3,3,0,97,98896
NoRidge,7,1663,452,402,1888,5578,2,2,2,3,5,0,119,283942
NAmes,10,1065,1663,183,1916,9538,5,2,3,4,4,0,91,122900
CollgCr,7,1633,1107,412,1934,7626,5,1,3,4,3,1,73,189103
Edwards,7,2203,1228,581,1899,11714,6,1,3,4,3,0,110,180982
Gilbert,6,648,80,586,1995,3154,8,2,3,4,3,0,15,74407
MeadowV,8,1679,529,64,1935,3557,7,2,2,3,5,0,71,121432
Timber,8,588,1447,445,1874,3773,5,1,3,5,3,1,132,106487
Edwards,7,1004,1183,175,1962,8807,8,2,3,5,4,1,45,144423
Sawyer,10,2490,992,666,1966,4068,5,1,2,4,3,0,44,306687
Sawyer,5,1148,1305,641,1963,9509,7,2,3,3,3,0,47,107920
OldTown,2,933,1776,279,1975,11807,7,2,3,4,4,0,33,86074
Blueste,8,1313,959,308,2002,17294,7,2,5,3,3,1,8,170065
Mitchel,8,2903,1087,373,1954,16365,5,1,2,4,4,0,56,201332
StoneBr,5,741,1141,0,1927,5723,5,1,2,3,3,0,79,60116
NoRidge,6,974,2109,545,1948,3516,6,2,3,4,4,1,62,251718
BrkSide,2,2378,133,414,1877,5907,5,1,3,4,4,1,133,91615
Mitchel,6,2697,1357,681,1881,13205,3,2,1,3,4,0,125,168177
Sawyer,8,1358,1006,236,1963,6668,6,2,4,3,3,0,47,145940
Gilbert,7,912,1306,339,1960,8005,5,1,3,3,3,0,46,182986
NridgHt,6,2932,767,149,1902,6132,7,2,3,4,3,0,106,247554
StoneBr,6,2460,1035,257,1969,17865,5,1,3,4,3,0,40,300342
NAmes,1,1785,1370,218,1884,4879,8,3,4,3,4,1,122,106026
Blmngtn,6,1059,2426,687,1983,8378,5,2,2,4,3,0,23,178804
Veenker,7,1384,1412,322,1998,14102,8,2,2,3,3,1,12,222941
Gilbert,10,1331,683,499,1880,20348,5,1,2,4,4,0,126,234585
NridgHt,8,1580,870,391,1924,5725,6,2,3,5,4,0,83,290255
SawyerW,3,2339,857,200,1871,13100,8,2,4,3,5,1,136,123199
Somerst,9,1915,266,436,1934,5906,5,1,3,5,3,1,74,299549
Sawyer,8,965,911,601,1885,16132,5,1,2,4,3,1,121,140338
Crawfor,8,2279,1379,213,1975,19239,5,1,2,3,3,0,35,286453
Blmngtn,7,1571,496,646,1899,5193,5,3,3,4,3,0,111,132886
NoRidge,6,1790,1518,290,1879,11234,6,2,2,2,3,0,130,397449
NridgHt,6,2352,1271,369,1931,14138,5,2,4,2,5,0,77,209868
CollgCr,4,954,733,587,1954,6994,8,2,2,4,3,0,56,89159
Gilbert,6,1390,994,330,2003,10655,7,2,1,4,3,1,6,210115
SawyerW,6,1169,1760,481,1936,10938,1,1,2,4,3,0,74,139872
ClearCr,7,813,1379,405,1910,22133,7,1,4,3,3,1,99,78180
NAmes,8,1589,1060,500,1887,3024,5,1,3,5,3,0,120,149330
Edwards,7,3391,952,0,1927,7879,5,2,4,4,3,1,80,120576
Sawyer,4,739,1090,79,1929,4336,5,2,3,5,3,0,81,77341
NoRidge,10,1392,831,605,1957,8159,7,3,2,3,3,0,51,330538
Gilbert,9,1761,130,695,1896,5478,5,1,3,4,3,1,110,137096
NridgHt,8,1470,1955,277,1937,7133,7,2,3,4,4,0,71,283076
Somerst,10,1353,1125,420,1891,5233,5,2,3,3,3,1,117,254655
BrDale,7,893,1232,536,1909,8757,9,2,3,5,3,0,97,110599
StoneBr,10,1527,1031,622,1978,13862,7,2,0,3,5,1,29,342873
Gilbert,4,1080,733,37,1943,6725,5,1,1,3,3,1,64,115215
Mitchel,6,654,975,282,1935,16569,7,3,3,5,4,0,71,132147
NAmes,6,2139,353,401,1875,13656,6,2,3,5,4,0,134,110310
NWAmes,6,1969,2058,624,1981,22404,5,2,4,3,3,0,27,241707
NoRidge,5,1433,513,1010,1887,9953,5,1,3,3,4,0,123,206198
Crawfor,7,1525,602,423,1950,7857,3,1,4,4,4,0,57,219967
NWAmes,8,2050,863,170,1971,3667,7,1,3,5,3,0,39,174444
NridgHt,7,1523,1623,559,1979,5481,6,2,2,4,4,0,27,330411
CollgCr,5,1932,1063,757,1899,7303,5,2,5,4,3,1,111,148971
NoRidge,8,1268,513,496,1991,7748,5,2,3,4,3,0,19,307243
NridgHt,7,2228,1608,278,1931,26222,5,2,3,3,4,1,77,262605
CollgCr,6,1575,1378,678,2007,7306,6,2,3,5,4,0,-1,225003
StoneBr,7,1507,1293,615,1989,3347,7,1,3,3,4,1,21,322000
SawyerW,6,902,1371,252,1976,11296,9,2,4,4,3,0,31,114800
NAmes,6,1556,2110,555,2010,10973,5,2,4,4,3,0,-4,147688
Sawyer,9,1052,2018,687,1945,6441,5,1,3,4,4,1,62,207635
Veenker,6,1126,754,727,1878,23478,5,1,3,4,3,1,131,129585
Timber,7,1058,1771,458,1908,3139,7,2,4,5,5,0,102,147408
NridgHt,9,969,1225,396,1893,15134,5,1,2,4,3,1,113,169224
Mitchel,8,2962,1276,736,1994,7005,5,2,3,4,3,1,13,293634
NAmes,4,2243,312,212,1987,5038,7,2,2,2,3,1,23,203424
NoRidge,5,2757,982,567,1903,26908,2,1,3,4,3,0,105,285391
BrkSide,1,917,699,178,1930,11711,5,1,4,3,4,1,77,77665
NoRidge,7,1443,1421,702,2002,6979,7,3,3,3,3,1,5,314221
NWAmes,7,895,1528,417,1948,6909,5,2,2,3,4,0,61,150088
NAmes,5,1103,144,745,1919,9299,5,2,3,4,3,0,89,92148
Edwards,10,1021,1047,578,2001,6431,5,1,4,5,3,0,8,193737
NAmes,7,2172,1550,210,1920,15518,5,2,3,4,4,0,88,139909
Sawyer,6,1225,974,779,1921,8466,5,2,4,3,3,1,86,124326
Crawfor,7,2046,1377,806,1991,13477,8,2,4,3,4,1,18,287876
OldTown,7,1739,1211,662,1877,8990,3,3,1,4,4,1,133,149370
NridgHt,4,3153,1207,309,1982,12517,7,1,2,3,4,0,26,262280
Edwards,6,838,937,407,1914,15879,4,2,3,3,3,0,93,79137
NWAmes,8,2187,521,504,1957,18778,5,1,3,4,4,0,49,248831
OldTown,7,2103,563,321,1897,10357,5,2,4,5,5,1,111,154618
Blmngtn,7,1001,1369,836,1988,5253,5,1,3,4,3,0,20,275206
Mitchel,7,2003,1065,504,1976,7433,5,2,3,3,4,0,34,184354
NWAmes,4,1583,996,0,1896,7997,5,1,2,4,3,0,112,52594
NPkVill,5,1300,870,545,1950,6083,6,2,4,4,3,0,58,121624
NridgHt,7,1055,922,398,1970,5596,5,2,2,4,3,0,40,133365
NridgHt,6,1094,1517,456,1931,8841,9,3,3,3,5,0,79,263247
Somerst,4,2885,909,393,1931,4955,5,2,2,4,4,1,78,232363
StoneBr,8,1408,466,646,1895,4497,5,2,2,5,3,0,112,243045
Edwards,10,1851,1384,713,1990,3473,5,1,3,3,3,1,17,243400
Veenker,8,1067,966,533,1893,10302,5,1,3,4,5,0,116,221485
BrDale,8,1071,1070,400,1908,9610,7,2,3,3,3,1,99,51960
Crawfor,6,2056,1764,464,1993,6888,6,1,2,4,3,0,15,166712
Timber,10,878,1047,477,1890,13321,5,1,4,4,4,1,119,154510
Sawyer,6,1217,1184,300,1963,4917,5,0,3,4,4,1,46,130815
NAmes,10,1424,538,597,1984,9802,7,2,3,4,3,0,23,203485
Gilbert,10,1464,960,571,1990,8325,5,2,3,4,3,1,16,250587
NWAmes,8,1322,1325,804,1882,5595,5,1,3,5,5,0,125,179081
NAmes,10,1617,372,742,2000,6334,5,1,1,4,4,1,6,157465
Somerst,7,1794,1145,325,1888,6095,5,2,5,3,3,0,121,148989
BrDale,6,1820,1101,649,1950,9194,5,2,3,4,3,1,56,121418
BrDale,7,997,1075,268,1992,10902,8,2,1,4,3,1,16,105926
NAmes,7,1274,1513,622,1937,6547,7,2,3,4,4,0,73,143841
Timber,4,2139,1204,361,1888,5675,6,1,3,4,4,0,118,208643
NAmes,7,1925,1707,253,1933,8678,5,1,1,4,3,1,77,138958
NridgHt,10,870,619,533,1970,3547,6,1,4,4,4,1,38,236834
NoRidge,6,1592,1116,0,1935,8243,6,2,1,4,4,1,75,189824
Somerst,8,704,1094,96,1935,17692,7,2,3,4,4,0,73,143213
Gilbert,9,1431,586,434,1944,5698,4,1,5,4,5,0,66,174668
Edwards,9,2735,1477,490,1914,7417,9,2,2,4,3,0,96,177933
NPkVill,10,1010,2079,393,1956,13524,5,2,3,1,3,0,51,136259
SWISU,7,1051,1049,133,1936,11817,8,3,0,2,4,0,70,104246
CollgCr,10,1839,1279,297,1872,8357,1,2,2,5,4,0,138,181845
Crawfor,8,820,1094,557,1893,7869,5,2,2,3,3,0,116,119820
CollgCr,5,1128,743,598,1957,4368,5,2,4,4,4,0,50,167980
BrDale,7,1734,255,469,1886,10358,7,3,4,5,3,0,120,98076
NoRidge,8,1127,746,721,1909,4139,5,3,3,3,1,1,98,159243
Edwards,6,1296,444,558,1875,2885,8,2,3,4,3,0,131,138102
SawyerW,7,1827,1806,312,1988,13413,8,2,4,4,5,0,20,208773
Blmngtn,7,1631,1006,412,1989,9832,7,2,3,5,3,0,21,245297
NPkVill,5,1545,904,171,1904,12580,7,2,3,3,3,0,105,87939
Gilbert,7,1250,1448,449,1982,5606,7,2,3,3,5,1,25,275920
Edwards,8,1602,563,712,1898,10231,7,1,2,5,4,0,109,153163
BrkSide,7,1348,719,620,1876,6505,5,2,4,3,4,1,131,112459
CollgCr,2,1652,1086,774,1922,6880,7,2,3,4,3,0,85,144348
Somerst,1,1183,1509,407,1892,13185,8,2,3,4,3,1,118,81989
SawyerW,6,1320,1277,762,1966,7518,5,2,3,3,3,0,40,244695
BrkSide,9,995,1166,431,2005,5720,8,2,3,5,4,0,5,191817
Veenker,6,1390,1091,789,1945,4093,2,1,1,4,4,1,63,203318
Mitchel,7,1060,1233,468,1879,9704,5,2,3,2,4,0,131,125572
Mitchel,6,953,1145,625,1986,13762,5,2,4,3,4,1,24,114045
NPkVill,6,1541,603,790,1893,5477,5,1,2,3,3,0,115,80266
StoneBr,8,1516,1077,431,1908,11435,7,2,4,3,4,1,102,247291
NAmes,8,1851,584,519,1935,5057,8,1,3,4,3,1,71,146774
BrkSide,5,1210,1092,750,1875,11785,7,2,3,3,3,1,134,82267
Timber,7,1624,845,444,1890,8237,9,1,3,3,3,0,118,181852
Somerst,3,1707,2174,189,1942,9264,5,2,4,5,4,0,65,149435
BrDale,7,1645,1039,933,1943,5717,5,1,3,4,4,1,63,132699
Timber,7,1054,439,372,1905,9689,6,2,3,3,3,1,104,115211
Edwards,5,1483,997,507,2000,6009,7,1,3,5,3,0,6,194703
Gilbert,6,1599,1285,721,1913,6589,3,1,3,3,2,0,93,155486
Somerst,6,1411,1793,342,1960,3794,9,2,2,5,5,0,47,258934
Edwards,9,678,797,256,1929,5507,7,1,1,4,4,1,80,67573
Blmngtn,10,1489,360,527,1962,6230,9,2,2,4,5,0,44,241199
NWAmes,4,3054,1416,87,1952,9474,5,1,3,4,4,0,55,277623
CollgCr,8,1241,449,411,1952,10914,5,2,3,4,3,1,56,174051
SawyerW,6,1091,865,525,1946,5979,7,2,3,4,3,1,61,161396
Timber,6,1604,943,414,1895,7463,7,2,3,4,3,1,115,178288
CollgCr,8,1570,1026,141,1890,18829,5,2,1,3,2,0,117,158011
MeadowV,9,2137,1360,815,1989,8652,8,2,1,4,3,0,18,277920
Somerst,10,906,756,495,1999,6195,8,1,2,4,3,1,8,364417
NAmes,7,1818,936,780,1977,3498,2,1,3,4,4,1,29,226128
Crawfor,6,1731,1050,417,1896,5287,5,1,0,4,3,1,113,136868
Sawyer,8,1339,1122,283,1940,5185,5,2,3,4,3,1,67,166778
StoneBr,6,1585,1100,530,1919,21784,5,2,3,4,4,0,88,187867
MeadowV,7,2018,1248,426,1964,5301,7,1,3,2,3,1,46,122217
Blmngtn,6,1910,1428,219,1892,8312,4,1,3,3,4,0,118,142415
Somerst,7,943,1229,789,2010,9753,7,1,3,4,4,0,-2,349561
NridgHt,6,1876,1256,339,1950,14090,7,3,2,4,3,1,58,400343
Timber,6,1376,360,77,2001,8135,5,2,3,4,4,0,9,248258
NWAmes,9,1444,1079,758,1889,6278,6,1,0,4,3,0,120,201374
Crawfor,5,1444,1267,364,1993,6073,5,2,2,4,3,0,15,163628
OldTown,7,1335,1377,342,1882,9683,5,1,4,4,3,0,127,119462
Blmngtn,6,2136,752,93,1872,5755,6,2,2,3,5,1,138,215024
Somerst,3,1367,767,847,2000,4665,9,2,5,4,3,1,8,217525
Mitchel,3,951,804,195,1998,6277,5,2,2,3,3,0,9,142642
NAmes,5,1226,1293,485,1959,4178,5,2,4,4,4,0,51,102992
Timber,9,1498,1511,669,1904,20441,5,2,3,3,3,0,104,265515
Timber,6,2165,877,563,1883,10919,5,1,3,3,3,0,126,157848
NoRidge,10,1739,1456,460,2010,18222,5,2,3,3,4,1,-1,418697
NPkVill,7,1045,1111,107,1919,10329,7,2,3,3,3,0,89,146173
NAmes,7,3360,1002,298,1947,17366,3,2,4,4,4,1,62,253775
Gilbert,7,1544,963,513,1872,9737,9,1,3,5,4,0,136,187057
OldTown,7,2200,1385,303,1909,11650,3,1,2,3,4,0,99,145498
Sawyer,8,1335,1200,516,1920,2788,8,2,3,4,5,0,89,97949
SawyerW,6,1697,2058,619,1870,5129,8,2,2,4,4,0,136,129555
Edwards,6,1889,682,679,1973,8254,6,1,4,3,4,1,34,185136
Veenker,9,2156,1284,209,2004,8354,5,3,3,3,4,0,6,340766
NridgHt,9,2038,824,945,1986,7799,6,1,2,3,4,0,21,568696
Somerst,9,1910,674,638,1985,10162,7,1,3,4,5,1,25,308926
NoRidge,6,1261,1052,472,1921,10374,8,2,2,3,4,1,89,188252
NWAmes,8,1152,1117,707,1989,12488,6,0,4,3,3,0,18,187136
BrkSide,7,1581,2340,981,2008,11321,5,1,4,3,4,1,0,244904
NoRidge,7,1951,975,163,1955,14794,8,2,2,4,3,0,54,199374
StoneBr,6,1302,559,424,1915,14855,9,1,3,4,3,1,91,216505
Blmngtn,7,2044,1177,0,1945,8842,7,3,4,3,3,0,61,95633
BrkSide,6,2341,144,514,1879,22944,8,2,2,4,5,1,127,115278
Crawfor,6,1021,1016,551,1930,15989,7,2,3,4,3,0,77,176249
Gilbert,8,1050,1064,464,1887,5412,7,1,3,1,4,0,120,140043
NoRidge,6,1340,1406,332,1955,9860,7,1,1,3,4,1,53,354650
StoneBr,4,1568,1485,32,2006,3225,7,2,1,4,3,1,0,251150
BrDale,4,1171,835,553,1997,3508,5,2,4,4,4,1,11,121971
MeadowV,9,2260,990,785,1973,6312,6,2,3,4,4,1,33,218081
NoRidge,7,1633,719,345,2010,5230,7,1,3,4,4,0,-3,273845
MeadowV,6,1427,560,567,1970,6331,5,2,3,3,3,0,39,107444
Mitchel,8,851,1193,135,1875,9549,5,1,3,3,3,1,134,57731
Edwards,8,888,496,571,1954,14952,7,2,3,4,4,1,55,126430
Blmngtn,6,1553,874,388,1920,14557,7,2,2,4,2,0,89,83618
NWAmes,8,667,619,309,1905,9962,5,1,2,3,3,0,105,119174
Gilbert,8,2007,1298,309,1940,4705,8,2,3,5,3,0,66,317094
NAmes,7,1332,1849,388,1969,6132,8,1,2,4,4,1,40,203149
StoneBr,5,4381,484,555,1894,11143,5,2,2,3,3,0,116,333788
NoRidge,9,3158,241,190,2008,5361,5,2,3,4,4,0,2,541524
ClearCr,7,1321,1002,387,1913,4300,8,1,1,2,5,0,97,147058
NAmes,6,1356,1063,464,1883,10364,8,2,5,4,4,1,125,97048
Veenker,7,1995,1153,236,1898,7909,5,2,3,4,3,1,110,204075
NAmes,3,2555,860,859,1943,7292,4,2,2,3,3,1,67,141200
MeadowV,5,793,968,289,1919,14113,5,1,2,4,3,1,90,75666
NridgHt,8,753,1218,329,1874,13966,7,3,3,4,2,0,132,171606
NAmes,1,1132,1514,262,1979,19743,5,1,3,3,3,0,28,101140
Blmngtn,6,1726,196,859,1991,5850,6,2,4,3,3,1,17,153342
Edwards,7,1675,894,591,1957,10045,5,2,3,3,4,0,52,93763
Timber,4,2047,1151,271,1926,8180,8,1,3,4,5,0,83,207365
NAmes,10,925,653,710,1895,9596,5,1,5,3,5,1,112,120480
OldTown,6,625,1818,516,1875,4595,6,2,3,4,3,1,132,75955
Landmrk,6,1901,777,528,1929,4018,9,2,3,3,4,1,80,150317
NAmes,6,1053,1038,398,1969,7941,5,2,3,3,3,1,38,210526
Gilbert,6,694,1301,311,1881,5317,5,1,4,4,4,0,128,94055
Mitchel,1,1481,796,545,1944,12953,7,2,3,4,3,1,63,133851
Edwards,8,1858,244,355,1872,3826,5,1,3,4,5,0,135,120552
SawyerW,10,1349,868,863,1932,3987,8,2,3,4,4,1,77,253726
NoRidge,6,1199,1509,200,2003,6579,4,2,3,4,2,0,7,219579
BrkSide,7,1331,908,803,1888,3755,5,2,2,2,4,0,121,85139
NAmes,8,1236,684,449,1887,18732,8,1,3,3,4,1,119,105060
NAmes,8,878,1464,537,1949,7394,6,2,2,3,3,0,58,83242
Veenker,7,1096,911,652,1942,5994,7,2,0,4,4,1,66,194919
NAmes,6,1689,832,337,2000,10239,5,2,4,5,4,0,7,154701
